ID,Gender,Age,FieldOfStudy,FieldOfStudy_Other,CourseLanguage,UseCollabTools,Teams,Zoom,GoogleWorkspace,Slack,Trello,Notion,Miro,Mural,GitHub,Monday,Asana,Jira,OtherCollaborationTools,UseOtherTools,UserFriendliness,Functionality,Integration,Scalability,Cost,PrivacySecurity,Reliability,Mobility,Customizability,Feedback,Accessibility,Reputation,ImpactOnCollaboration,ImpactOnOrganization,ImpactOnCoordination,ImpactOnCommunication,ImpactOnParticipation,ImpactOnMotivation,SatisfactionWithToolsVariety,EffectiveToolIntegration,AdequacyOfTraining,EffectivenessOfSupport,InvolvementInDecisionMaking,ChallengeTechnicalIssues,ChallengeFamiliarity,ChallengeCommunication,ChallengeEngagement,ChallengeOrganization,ChallengePrivacySecurity,ChallengeSupportTraining,OtherDifficulties,ImpactOnAcademicPerformance,AdditionalComments
1,Male,20-24,"Science, Technology, Engineering and Mathematics",,(Swiss-)German,Yes,4,2,2,0,1,4,3,3,3,0,0,0,0,,2.0,2.0,0.0,0.0,2.0,2.0,2.0,2.0,2.0,0.0,1.0,-1.0,2.0,2.0,2.0,1.0,0.0,1.0,-1.0,1.0,-1.0,1.0,-1.0,2.0,3.0,3.0,1.0,1.0,0.0,3.0,,3.0,
2,Male,20-24,Business and Economics,,English,Yes,3,3,1,0,0,0,0,0,0,0,0,0,0,,2.0,2.0,2.0,-1.0,0.0,-1.0,1.0,-1.0,-1.0,-2.0,0.0,-1.0,1.0,2.0,0.0,1.0,-2.0,0.0,2.0,1.0,2.0,1.0,-2.0,1.0,1.0,0.0,1.0,1.0,0.0,1.0,,3.0,keine
3,Female,20-24,Law,,(Swiss-)German,Yes,2,2,0,1,0,2,0,0,0,0,0,0,0,,1.0,0.0,1.0,0.0,1.0,1.0,1.0,1.0,1.0,0.0,1.0,1.0,1.0,1.0,2.0,2.0,-1.0,1.0,1.0,1.0,0.0,0.0,1.0,2.0,2.0,1.0,3.0,1.0,1.0,1.0,,3.0,
4,Male,20-24,"Science, Technology, Engineering and Mathematics",,(Swiss-)German,Yes,1,0,1,1,0,3,1,0,2,0,0,1,0,,2.0,1.0,1.0,1.0,1.0,1.0,1.0,1.0,0.0,0.0,1.0,0.0,2.0,2.0,1.0,1.0,0.0,0.0,1.0,1.0,1.0,0.0,0.0,2.0,2.0,1.0,2.0,1.0,1.0,0.0,,3.0,
5,Male,20-24,"Science, Technology, Engineering and Mathematics",,(Swiss-)German,Yes,4,3,2,0,0,4,1,1,2,0,0,0,0,,2.0,2.0,1.0,0.0,2.0,2.0,2.0,2.0,2.0,0.0,-1.0,-1.0,2.0,2.0,2.0,2.0,1.0,1.0,0.0,1.0,-1.0,1.0,-1.0,4.0,3.0,4.0,4.0,1.0,0.0,1.0,,4.0,
8,Female,20-24,Social Sciences,,(Swiss-)German,Yes,2,2,1,0,0,0,1,0,0,0,0,0,0,,0.0,0.0,0.0,0.0,-1.0,-1.0,-1.0,1.0,0.0,0.0,0.0,0.0,,,,,,,,,,,,,,,,,,,,,
9,Male,25-29,Social Sciences,,(Swiss-)German,Yes,2,0,0,0,0,0,0,0,0,0,0,0,0,,1.0,2.0,2.0,-1.0,2.0,1.0,0.0,1.0,-2.0,-2.0,2.0,0.0,2.0,2.0,1.0,1.0,-1.0,-2.0,-2.0,2.0,1.0,0.0,-2.0,3.0,2.0,3.0,4.0,1.0,0.0,3.0,,3.0,
10,Female,25-29,Life Sciences and Medicine,,(Swiss-)German,Yes,2,1,1,0,0,0,3,0,0,0,0,0,4,,2.0,2.0,0.0,-1.0,0.0,-1.0,2.0,2.0,-1.0,0.0,2.0,0.0,0.0,0.0,2.0,2.0,-1.0,-1.0,1.0,1.0,0.0,0.0,-2.0,0.0,0.0,3.0,2.0,4.0,1.0,2.0,,2.0,
11,Male,20-24,Life Sciences and Medicine,,(Swiss-)German,Yes,2,2,1,0,0,1,0,0,3,0,0,0,2,,1.0,2.0,1.0,0.0,1.0,0.0,1.0,1.0,-1.0,-1.0,1.0,0.0,2.0,2.0,1.0,1.0,0.0,0.0,1.0,1.0,1.0,0.0,0.0,2.0,1.0,1.0,1.0,1.0,1.0,1.0,,2.0,
12,Female,20-24,Social Sciences,,(Swiss-)German,Yes,3,2,0,0,0,0,1,0,0,0,0,0,0,,,,,,,,,,,,,,,,,,,,,,,,,,,,,,,,,,
13,Female,20-24,Life Sciences and Medicine,,(Swiss-)German,Yes,4,2,2,0,0,0,3,0,0,0,0,0,0,,,,,,,,,,,,,,,,,,,,,,,,,,,,,,,,,,
14,Male,20-24,Business and Economics,,(Swiss-)German,Yes,3,0,0,0,0,0,1,0,3,0,0,1,3,,1.0,1.0,0.0,-1.0,1.0,2.0,1.0,2.0,0.0,-1.0,1.0,1.0,1.0,2.0,1.0,1.0,1.0,1.0,0.0,1.0,1.0,0.0,-2.0,1.0,0.0,1.0,2.0,1.0,2.0,1.0,Others not knowing how to use the tools,3.0,
15,Male,20-24,Business and Economics,,(Swiss-)German,Yes,2,0,1,0,0,1,1,0,1,0,0,3,0,,2.0,2.0,1.0,0.0,1.0,1.0,2.0,2.0,0.0,-1.0,0.0,-1.0,1.0,1.0,1.0,-1.0,-2.0,-2.0,-2.0,-2.0,-2.0,0.0,-2.0,1.0,0.0,0.0,2.0,0.0,3.0,0.0,,1.0,
16,Female,20-24,Law,,(Swiss-)German,Yes,2,0,2,0,0,0,0,0,0,0,0,0,0,,2.0,0.0,1.0,1.0,2.0,-1.0,1.0,1.0,-1.0,-2.0,0.0,0.0,1.0,2.0,0.0,0.0,-2.0,0.0,,,,,,,,,,,,,,,
17,Female,25-29,Social Sciences,,(Swiss-)German,Yes,4,1,2,0,0,0,0,0,0,0,0,0,0,,1.0,1.0,2.0,0.0,1.0,2.0,1.0,0.0,1.0,-1.0,1.0,1.0,0.0,1.0,0.0,1.0,0.0,1.0,0.0,0.0,0.0,0.0,-1.0,2.0,1.0,0.0,2.0,2.0,0.0,0.0,,1.0,
18,Male,20-24,"Science, Technology, Engineering and Mathematics",,(Swiss-)German,Yes,1,0,0,0,0,0,1,0,4,0,0,1,1,,2.0,2.0,1.0,0.0,1.0,0.0,1.0,2.0,0.0,-1.0,2.0,-1.0,-1.0,0.0,-2.0,1.0,-1.0,-1.0,-1.0,-2.0,-1.0,0.0,-2.0,1.0,1.0,3.0,4.0,0.0,0.0,2.0,,0.0,"Current collaboration tools are bloated while still lacking essential features. As a software developer, I never want to leave my IDE to do administrative work for collaborative projects, so my collab tool of choice would be Visual Studio Code, if everything I need was available as an extension."
19,Male,20-24,Business and Economics,,(Swiss-)German,Yes,4,1,0,0,0,0,0,0,2,0,0,1,0,,2.0,2.0,2.0,1.0,2.0,0.0,2.0,2.0,0.0,-1.0,2.0,1.0,1.0,1.0,0.0,1.0,1.0,0.0,2.0,2.0,1.0,2.0,0.0,1.0,2.0,1.0,3.0,1.0,1.0,0.0,,3.0,
20,Female,25-29,Other,Interpreting (Languages),(Swiss-)German,Yes,1,1,1,0,0,0,1,0,0,0,0,0,0,,,,,,,,,,,,,,,,,,,,,,,,,,,,,,,,,,
21,Female,20-24,Life Sciences and Medicine,,(Swiss-)German,Yes,3,1,0,0,0,0,1,0,0,0,0,0,0,,1.0,1.0,1.0,-1.0,-1.0,1.0,1.0,1.0,-1.0,-1.0,1.0,-1.0,1.0,2.0,2.0,0.0,0.0,0.0,0.0,1.0,0.0,0.0,-1.0,3.0,2.0,2.0,3.0,1.0,1.0,1.0,,3.0,
22,Male,20-24,"Science, Technology, Engineering and Mathematics",,(Swiss-)German,Yes,3,1,1,0,1,1,0,0,4,0,0,1,0,,2.0,1.0,1.0,0.0,1.0,0.0,1.0,2.0,2.0,-1.0,0.0,-1.0,1.0,2.0,1.0,0.0,1.0,0.0,1.0,1.0,0.0,0.0,1.0,1.0,2.0,1.0,2.0,2.0,0.0,3.0,,3.0,
23,Male,30-34,Other,Real Estate and FM,(Swiss-)German,Yes,3,2,1,0,0,0,1,0,0,0,0,0,0,,2.0,1.0,0.0,-1.0,2.0,0.0,1.0,2.0,0.0,-1.0,2.0,2.0,1.0,1.0,1.0,0.0,-1.0,-1.0,-1.0,-1.0,-1.0,-1.0,-1.0,0.0,1.0,2.0,2.0,1.0,0.0,1.0,,1.0,
24,Female,over 35 years,"Science, Technology, Engineering and Mathematics",,(Swiss-)German,Yes,3,0,0,0,0,0,0,0,1,0,0,0,0,,2.0,2.0,2.0,1.0,0.0,1.0,1.0,0.0,-1.0,0.0,1.0,-1.0,1.0,1.0,1.0,1.0,1.0,1.0,0.0,0.0,-1.0,0.0,-2.0,2.0,1.0,1.0,2.0,2.0,0.0,0.0,,3.0,
25,Female,20-24,Arts and Humanities,,(Swiss-)German,Yes,2,1,0,0,0,0,2,0,0,0,0,0,0,,1.0,0.0,0.0,0.0,2.0,2.0,2.0,2.0,1.0,0.0,2.0,1.0,1.0,1.0,1.0,1.0,1.0,0.0,2.0,0.0,-1.0,1.0,-1.0,1.0,1.0,1.0,2.0,0.0,0.0,0.0,,3.0,
26,Male,20-24,Life Sciences and Medicine,,(Swiss-)German,Yes,2,1,0,0,0,0,1,0,0,0,0,0,0,,0.0,1.0,1.0,0.0,-1.0,0.0,1.0,2.0,1.0,0.0,1.0,2.0,1.0,1.0,1.0,-1.0,-2.0,-1.0,1.0,1.0,-1.0,0.0,0.0,2.0,1.0,3.0,4.0,2.0,0.0,2.0,,2.0,
27,Female,over 35 years,Life Sciences and Medicine,,(Swiss-)German,Yes,3,1,1,0,0,0,1,0,0,0,0,0,0,,2.0,2.0,1.0,-1.0,-1.0,-1.0,2.0,0.0,0.0,-1.0,1.0,0.0,2.0,2.0,1.0,1.0,1.0,0.0,2.0,2.0,2.0,0.0,-2.0,1.0,2.0,0.0,0.0,1.0,0.0,1.0,,4.0,
28,Male,20-24,"Science, Technology, Engineering and Mathematics",,(Swiss-)German,Yes,3,0,0,0,0,0,0,0,0,0,0,0,4,,1.0,1.0,0.0,1.0,2.0,-1.0,1.0,2.0,-1.0,-2.0,1.0,1.0,1.0,1.0,-1.0,1.0,-2.0,-2.0,0.0,1.0,0.0,0.0,-2.0,,,,,,,,,,
29,Male,20-24,"Science, Technology, Engineering and Mathematics",,(Swiss-)German,Yes,2,0,0,0,0,0,1,0,2,0,0,0,4,,2.0,2.0,0.0,0.0,1.0,1.0,2.0,2.0,0.0,0.0,2.0,1.0,2.0,1.0,1.0,1.0,1.0,1.0,,,,,,,,,,,,,,,
30,Male,20-24,Life Sciences and Medicine,,(Swiss-)German,Yes,1,3,3,0,0,0,0,0,0,0,0,0,0,,2.0,2.0,1.0,0.0,-1.0,2.0,2.0,1.0,0.0,0.0,2.0,0.0,-1.0,-1.0,-1.0,-1.0,-2.0,-2.0,0.0,1.0,0.0,0.0,-1.0,2.0,2.0,2.0,4.0,1.0,2.0,3.0,,0.0,
31,Female,20-24,Life Sciences and Medicine,,(Swiss-)German,Yes,3,1,0,0,0,0,1,0,0,0,0,0,4,,2.0,2.0,2.0,0.0,1.0,2.0,2.0,2.0,0.0,0.0,1.0,0.0,1.0,1.0,1.0,1.0,-1.0,-1.0,1.0,0.0,0.0,0.0,-2.0,2.0,1.0,1.0,2.0,3.0,1.0,2.0,,1.0,
32,Female,25-29,Life Sciences and Medicine,,(Swiss-)German,Yes,2,1,0,0,0,0,0,0,0,0,0,0,0,,1.0,1.0,0.0,-1.0,0.0,-1.0,0.0,1.0,0.0,-1.0,1.0,0.0,1.0,1.0,0.0,0.0,-1.0,-1.0,1.0,1.0,1.0,1.0,-1.0,1.0,1.0,2.0,2.0,1.0,0.0,0.0,,0.0,
33,Female,25-29,Other,psychology,(Swiss-)German,Yes,0,1,4,0,0,0,1,0,0,0,0,0,0,,2.0,1.0,2.0,0.0,1.0,0.0,1.0,2.0,0.0,0.0,0.0,0.0,0.0,0.0,0.0,1.0,-1.0,-2.0,0.0,-1.0,0.0,0.0,-1.0,3.0,3.0,1.0,2.0,2.0,1.0,3.0,Good notes,1.0,"I am a analog type! I work with paper an pencil. Just need google docs to write thesises alone and in groups, because its nice to be able to acess the documents on all my digital providers. AndO use good notes during the lectures to write my notes with my apple pen;) me as a analog type does need this"
34,Female,30-34,Business and Economics,,(Swiss-)German,Yes,3,1,0,0,0,0,0,0,0,0,0,0,0,,2.0,2.0,0.0,0.0,-1.0,2.0,2.0,2.0,1.0,0.0,1.0,2.0,,,,,,,,,,,,,,,,,,,,,
35,Female,20-24,Life Sciences and Medicine,,(Swiss-)German,Yes,4,1,0,0,0,0,1,1,0,0,0,0,0,,2.0,2.0,2.0,0.0,2.0,1.0,2.0,2.0,0.0,-1.0,2.0,1.0,1.0,2.0,1.0,1.0,-1.0,-1.0,1.0,0.0,-1.0,1.0,-1.0,2.0,1.0,1.0,2.0,1.0,1.0,2.0,"not really, much more it faciliates working together in group poject from different locations.",2.0,"i see s huge benefit in digital collaboration tools since uni courses are not always onsite, but also remote and also the students live al over the country which makes it harder to work together on projects in person. the dc.-tools help in those situations and make collaboration easy. "
36,Male,20-24,Business and Economics,,(Swiss-)German,Yes,1,0,0,0,0,0,0,0,0,0,0,0,0,,2.0,1.0,1.0,0.0,1.0,1.0,1.0,2.0,1.0,0.0,1.0,1.0,0.0,0.0,0.0,0.0,-1.0,-1.0,-1.0,0.0,-1.0,0.0,0.0,1.0,1.0,1.0,2.0,1.0,0.0,0.0,,1.0,
38,Female,20-24,Business and Economics,,(Swiss-)German,Yes,2,0,1,0,0,3,0,0,0,0,0,0,0,,1.0,2.0,0.0,-1.0,1.0,0.0,1.0,1.0,0.0,-1.0,0.0,0.0,1.0,1.0,0.0,1.0,-1.0,-1.0,1.0,-2.0,0.0,0.0,-1.0,1.0,2.0,1.0,2.0,0.0,0.0,2.0,,2.0,
39,Female,30-34,Social Sciences,,(Swiss-)German,Yes,4,1,4,0,1,0,2,0,0,0,0,0,4,,2.0,2.0,0.0,1.0,2.0,0.0,1.0,2.0,1.0,-1.0,1.0,0.0,1.0,1.0,1.0,1.0,0.0,-1.0,1.0,0.0,-1.0,-1.0,-1.0,1.0,3.0,3.0,2.0,3.0,1.0,2.0,,2.0,"Ich studiere am Departement S und ich gehe davon aus, dass wir ein Departement sind, das weniger mit digitalen Tools arbeitet als andere Studiengänge (die digitale Affinität werte ich eher tief in unserer Berufsbranche (ich schreibe gerade selber eine Masterthesis zum Thema und die Auswertungen bestätigen die Hypothese). Deshalb wurden in Gruppenarbeiten häufig die gängigen Tools wie z.B. Dropbox, Mail und Whatsapp verwendet statt auf Collab-Tools auszuweichen. "
40,Female,25-29,Communication and Media Studies,,(Swiss-)German,Yes,3,1,0,0,0,0,1,0,0,0,0,0,0,,1.0,1.0,0.0,-1.0,2.0,0.0,2.0,2.0,0.0,0.0,1.0,0.0,1.0,1.0,1.0,1.0,-1.0,-1.0,1.0,1.0,1.0,0.0,-1.0,0.0,1.0,1.0,2.0,1.0,1.0,1.0,,2.0,
41,Female,20-24,Life Sciences and Medicine,,(Swiss-)German,Yes,3,0,1,0,0,0,1,0,0,0,0,0,0,,,,,,,,,,,,,,,,,,,,,,,,,,,,,,,,,,
42,Male,20-24,Life Sciences and Medicine,,(Swiss-)German,Yes,3,3,0,0,0,3,2,0,2,0,0,0,0,,1.0,1.0,1.0,0.0,0.0,-1.0,1.0,1.0,0.0,0.0,-1.0,-1.0,2.0,2.0,1.0,1.0,1.0,1.0,1.0,1.0,0.0,0.0,0.0,2.0,1.0,0.0,0.0,1.0,0.0,0.0,,4.0,
43,Male,25-29,"Science, Technology, Engineering and Mathematics",,(Swiss-)German,Yes,3,2,2,0,0,0,0,0,2,0,0,0,0,,1.0,2.0,1.0,1.0,0.0,2.0,1.0,0.0,0.0,-1.0,1.0,0.0,1.0,1.0,1.0,0.0,-1.0,0.0,-1.0,-1.0,0.0,0.0,-2.0,1.0,1.0,1.0,2.0,1.0,2.0,1.0,"Professors not anouncing what tools they use, and professors not using the tools in the interests of students ",1.0,
45,Female,under 20 years,Life Sciences and Medicine,,(Swiss-)German,Yes,4,1,1,0,0,0,1,0,0,0,0,0,4,,2.0,2.0,2.0,1.0,2.0,2.0,2.0,0.0,2.0,0.0,2.0,0.0,1.0,1.0,1.0,0.0,2.0,0.0,1.0,0.0,0.0,0.0,-1.0,1.0,2.0,1.0,1.0,1.0,1.0,2.0,,3.0,
46,Female,20-24,Life Sciences and Medicine,,(Swiss-)German,Yes,2,1,0,0,0,0,1,0,0,0,0,0,0,,1.0,1.0,1.0,1.0,1.0,2.0,2.0,2.0,0.0,-1.0,2.0,0.0,,,,,,,,,,,,,,,,,,,,,
47,Female,20-24,Life Sciences and Medicine,,(Swiss-)German,Yes,2,1,1,0,0,0,1,0,0,0,0,0,0,,2.0,1.0,0.0,0.0,1.0,0.0,1.0,2.0,1.0,-1.0,1.0,0.0,1.0,1.0,1.0,1.0,0.0,0.0,1.0,1.0,0.0,0.0,-1.0,2.0,2.0,1.0,1.0,1.0,1.0,2.0,,2.0,
48,Female,20-24,"Science, Technology, Engineering and Mathematics",,(Swiss-)German,Yes,4,0,3,0,0,0,1,0,1,0,0,0,0,,2.0,1.0,2.0,0.0,0.0,1.0,2.0,1.0,1.0,0.0,0.0,0.0,2.0,2.0,1.0,0.0,-1.0,0.0,1.0,0.0,-1.0,0.0,0.0,1.0,2.0,1.0,2.0,3.0,0.0,2.0,,2.0,
49,Male,25-29,Business and Economics,,(Swiss-)German,Yes,4,1,1,0,0,0,0,0,0,0,0,0,0,,2.0,2.0,1.0,1.0,1.0,0.0,1.0,2.0,0.0,0.0,2.0,-1.0,1.0,1.0,1.0,1.0,-1.0,-1.0,0.0,0.0,-2.0,0.0,-2.0,1.0,1.0,1.0,2.0,1.0,0.0,1.0,,2.0,
50,Female,20-24,Life Sciences and Medicine,,(Swiss-)German,Yes,3,1,0,0,0,3,0,0,0,0,0,0,1,,1.0,1.0,-2.0,0.0,2.0,2.0,1.0,1.0,2.0,-2.0,-2.0,-2.0,1.0,1.0,1.0,0.0,-2.0,-1.0,1.0,0.0,-1.0,0.0,-2.0,2.0,3.0,1.0,4.0,0.0,2.0,4.0,,4.0,"For me, digital tools have a negative effect. I think it's better for my personal studies that I meet Humans in real life and not through tools. I can't focus and I can't study, most of the time I am disturbed by soething else in my room."
51,Female,20-24,Other,healthpromotion,(Swiss-)German,Yes,2,0,0,0,0,0,1,0,0,0,0,0,0,,,,,,,,,,,,,,,,,,,,,,,,,,,,,,,,,,
52,Male,20-24,"Science, Technology, Engineering and Mathematics",,(Swiss-)German,Yes,4,0,2,0,0,0,0,0,4,0,0,0,0,,2.0,2.0,1.0,0.0,2.0,1.0,2.0,2.0,0.0,0.0,2.0,0.0,2.0,2.0,2.0,1.0,0.0,0.0,2.0,2.0,0.0,0.0,-2.0,0.0,1.0,0.0,0.0,1.0,0.0,0.0,,2.0,
53,Female,25-29,Business and Economics,,(Swiss-)German,Yes,4,1,0,1,0,1,1,0,0,0,0,1,0,,2.0,2.0,2.0,2.0,0.0,2.0,2.0,2.0,0.0,0.0,2.0,1.0,2.0,1.0,1.0,1.0,-2.0,-2.0,2.0,1.0,1.0,-1.0,-2.0,2.0,1.0,0.0,0.0,2.0,1.0,1.0,,2.0,
54,Female,20-24,Life Sciences and Medicine,,(Swiss-)German,Yes,3,2,0,0,0,0,1,0,0,0,0,0,0,,2.0,1.0,0.0,0.0,2.0,0.0,1.0,2.0,0.0,0.0,1.0,-1.0,1.0,1.0,1.0,1.0,0.0,0.0,-1.0,-1.0,1.0,0.0,-1.0,3.0,2.0,1.0,2.0,3.0,1.0,1.0,"difficulties to open uploaded documents, example(teams)",2.0,
55,Female,25-29,Social Sciences,,(Swiss-)German,Yes,3,1,0,0,0,0,2,0,0,0,0,0,0,,2.0,2.0,1.0,0.0,2.0,2.0,1.0,2.0,0.0,0.0,2.0,0.0,1.0,1.0,0.0,0.0,0.0,0.0,-1.0,-1.0,0.0,-1.0,-2.0,3.0,2.0,1.0,1.0,0.0,1.0,2.0,,2.0,
56,Male,20-24,Business and Economics,,(Swiss-)German,Yes,2,0,3,0,0,0,0,0,0,0,0,0,0,,2.0,2.0,2.0,0.0,2.0,2.0,2.0,2.0,0.0,0.0,2.0,2.0,1.0,2.0,2.0,2.0,0.0,1.0,0.0,0.0,0.0,0.0,0.0,2.0,1.0,0.0,1.0,1.0,1.0,2.0,,3.0,
57,Female,20-24,Business and Economics,,English,Yes,1,0,1,0,0,0,0,0,0,0,0,0,0,,1.0,1.0,0.0,0.0,2.0,1.0,1.0,1.0,-1.0,-1.0,0.0,0.0,1.0,1.0,1.0,0.0,-1.0,-1.0,1.0,-1.0,0.0,-1.0,-1.0,2.0,1.0,1.0,1.0,1.0,1.0,2.0,,2.0,
59,Female,30-34,Business and Economics,,(Swiss-)German,Yes,4,1,0,0,0,0,0,0,0,0,0,0,0,,2.0,2.0,1.0,0.0,1.0,1.0,2.0,2.0,0.0,0.0,2.0,0.0,1.0,1.0,1.0,0.0,-1.0,0.0,1.0,1.0,0.0,1.0,-1.0,2.0,1.0,1.0,1.0,1.0,1.0,1.0,,3.0,
60,Male,30-34,Communication and Media Studies,,English,Yes,2,1,1,0,0,0,0,0,0,0,1,0,0,,2.0,1.0,0.0,0.0,1.0,1.0,2.0,1.0,0.0,0.0,1.0,0.0,,,,,,,,,,,,,,,,,,,,,
61,Male,25-29,Business and Economics,,(Swiss-)German,Yes,1,0,0,0,0,0,0,0,0,0,0,1,0,,1.0,2.0,1.0,-1.0,-1.0,1.0,1.0,1.0,0.0,-1.0,2.0,1.0,1.0,2.0,1.0,1.0,-1.0,-1.0,1.0,-1.0,1.0,1.0,-2.0,2.0,1.0,2.0,2.0,2.0,1.0,1.0,,2.0,
62,Female,20-24,Other,Health,(Swiss-)German,Yes,2,1,0,0,0,0,0,0,0,0,0,0,3,,2.0,0.0,0.0,-1.0,2.0,1.0,2.0,0.0,-1.0,-1.0,1.0,-1.0,-1.0,2.0,1.0,1.0,-1.0,-1.0,-1.0,1.0,1.0,1.0,-2.0,1.0,1.0,2.0,2.0,1.0,3.0,1.0,"there are three different ones my school uses and it confuses me sometimes, which one for what",1.0,
63,Female,20-24,Social Sciences,,(Swiss-)German,Yes,3,1,0,0,0,0,1,0,0,0,0,0,0,,1.0,0.0,0.0,1.0,2.0,2.0,1.0,1.0,-1.0,-1.0,-1.0,0.0,1.0,2.0,0.0,-1.0,-1.0,0.0,1.0,0.0,0.0,0.0,-1.0,2.0,1.0,1.0,2.0,2.0,2.0,2.0,"Synchronisation findet nicht immer gleich gut statt. So haben Personen dasselbe Dokument geöffnet, jedoch sind gewisse Aspekte vorhanden oder eben nicht mehr, da es bereits weiterbearbeitet wurde.",2.0,
64,Male,20-24,Business and Economics,,(Swiss-)German,Yes,2,1,0,0,0,0,1,0,0,0,0,0,0,,1.0,1.0,0.0,1.0,1.0,2.0,2.0,1.0,0.0,-1.0,2.0,0.0,1.0,2.0,2.0,0.0,0.0,-1.0,,,,,,,,,,,,,,,
65,Male,20-24,Business and Economics,,(Swiss-)German,Yes,3,0,0,0,0,0,0,0,0,0,0,0,0,,2.0,1.0,1.0,0.0,-1.0,0.0,0.0,1.0,1.0,0.0,0.0,0.0,0.0,0.0,0.0,0.0,0.0,0.0,1.0,0.0,-1.0,0.0,0.0,1.0,1.0,1.0,0.0,1.0,0.0,1.0,,1.0,
66,Female,20-24,Life Sciences and Medicine,,(Swiss-)German,Yes,4,1,0,0,0,1,1,0,0,0,0,0,0,,1.0,2.0,1.0,-1.0,2.0,0.0,2.0,2.0,-1.0,-1.0,1.0,0.0,2.0,2.0,2.0,0.0,-1.0,-1.0,2.0,2.0,2.0,1.0,-1.0,3.0,1.0,1.0,1.0,1.0,2.0,1.0,,2.0,
67,Female,20-24,"Science, Technology, Engineering and Mathematics",,(Swiss-)German,Yes,3,0,0,0,0,0,0,0,0,0,0,0,0,,2.0,2.0,-1.0,-2.0,1.0,0.0,2.0,2.0,0.0,0.0,1.0,0.0,1.0,2.0,1.0,0.0,-1.0,-2.0,2.0,2.0,2.0,0.0,-1.0,1.0,1.0,1.0,1.0,2.0,0.0,3.0,,1.0,
68,Male,20-24,"Science, Technology, Engineering and Mathematics",,(Swiss-)German,Yes,4,0,3,0,0,0,0,0,0,0,0,0,0,,1.0,1.0,1.0,0.0,1.0,-1.0,0.0,1.0,1.0,0.0,1.0,0.0,1.0,1.0,1.0,1.0,0.0,-2.0,1.0,1.0,0.0,0.0,-2.0,1.0,1.0,1.0,1.0,1.0,1.0,1.0,,2.0,
69,Female,20-24,Life Sciences and Medicine,,(Swiss-)German,Yes,3,1,2,0,0,0,0,0,0,0,0,0,0,,2.0,1.0,0.0,0.0,1.0,2.0,2.0,2.0,0.0,-1.0,-1.0,-1.0,,,,,,,,,,,,,,,,,,,,,
70,Female,25-29,Life Sciences and Medicine,,(Swiss-)German,Yes,3,1,0,0,0,0,0,0,0,0,0,0,0,,2.0,2.0,2.0,1.0,0.0,2.0,2.0,2.0,2.0,2.0,2.0,0.0,1.0,1.0,0.0,0.0,0.0,-1.0,0.0,-1.0,0.0,1.0,0.0,2.0,2.0,2.0,2.0,2.0,4.0,2.0,,2.0,
71,Female,20-24,Life Sciences and Medicine,,(Swiss-)German,Yes,4,2,0,0,0,4,1,0,0,0,0,0,2,,1.0,1.0,2.0,1.0,1.0,2.0,1.0,2.0,1.0,0.0,2.0,0.0,1.0,2.0,1.0,0.0,-1.0,0.0,0.0,1.0,1.0,2.0,-1.0,3.0,2.0,1.0,2.0,1.0,2.0,1.0,,2.0,
72,Male,20-24,"Science, Technology, Engineering and Mathematics",,(Swiss-)German,Yes,4,0,0,0,0,1,0,0,1,0,0,0,4,,2.0,1.0,-1.0,-1.0,1.0,-2.0,1.0,2.0,0.0,-1.0,-1.0,-1.0,2.0,1.0,1.0,1.0,1.0,1.0,1.0,1.0,-1.0,-1.0,-2.0,2.0,2.0,1.0,3.0,0.0,0.0,3.0,,3.0,
73,Female,30-34,Social Sciences,,(Swiss-)German,Yes,1,1,2,0,0,0,1,0,0,0,0,0,0,,1.0,2.0,1.0,0.0,1.0,0.0,1.0,2.0,1.0,-1.0,2.0,0.0,-1.0,1.0,0.0,0.0,-1.0,-1.0,1.0,1.0,1.0,0.0,-1.0,2.0,1.0,1.0,1.0,3.0,1.0,2.0,,1.0,
74,Female,20-24,Social Sciences,,(Swiss-)German,Yes,4,1,2,0,0,0,2,0,0,0,0,0,0,,,,,,,,,,,,,,,,,,,,,,,,,,,,,,,,,,
76,Female,25-29,"Science, Technology, Engineering and Mathematics",,(Swiss-)German,Yes,3,2,1,0,0,0,0,0,0,0,0,0,0,,2.0,2.0,0.0,0.0,1.0,0.0,2.0,1.0,0.0,-1.0,-1.0,-1.0,2.0,2.0,1.0,-1.0,0.0,0.0,1.0,1.0,0.0,0.0,-1.0,2.0,1.0,1.0,3.0,0.0,0.0,0.0,,2.0,
77,Male,20-24,Communication and Media Studies,,(Swiss-)German,Yes,3,1,0,0,0,0,0,0,0,0,0,0,0,,1.0,2.0,0.0,-1.0,2.0,0.0,1.0,2.0,0.0,-1.0,1.0,0.0,,,,,,,,,,,,,,,,,,,,,
79,Female,over 35 years,Social Sciences,,(Swiss-)German,Yes,2,1,0,0,0,0,1,0,0,0,0,0,0,,1.0,0.0,-1.0,0.0,0.0,0.0,0.0,1.0,-1.0,-1.0,1.0,1.0,0.0,2.0,0.0,1.0,-1.0,-1.0,0.0,1.0,-1.0,0.0,-1.0,1.0,2.0,2.0,2.0,0.0,0.0,1.0,-,2.0,-
81,Female,20-24,Communication and Media Studies,,(Swiss-)German,Yes,2,0,1,0,0,1,0,0,0,0,0,0,0,,2.0,1.0,0.0,0.0,2.0,1.0,2.0,2.0,1.0,0.0,-1.0,-1.0,2.0,2.0,2.0,1.0,-1.0,-1.0,2.0,2.0,1.0,1.0,0.0,1.0,1.0,1.0,1.0,1.0,1.0,1.0,,3.0,
82,Female,25-29,Life Sciences and Medicine,,(Swiss-)German,Yes,1,1,0,0,0,0,1,0,0,0,0,0,0,,2.0,1.0,0.0,0.0,1.0,1.0,1.0,1.0,0.0,0.0,1.0,0.0,1.0,2.0,0.0,0.0,-1.0,0.0,1.0,0.0,-1.0,0.0,0.0,2.0,3.0,2.0,2.0,2.0,1.0,2.0,,1.0,
84,Male,20-24,Other,Business IT,(Swiss-)German,Yes,2,0,0,0,0,0,0,0,1,0,0,0,1,,2.0,1.0,1.0,1.0,0.0,1.0,2.0,0.0,0.0,-1.0,1.0,1.0,1.0,1.0,2.0,1.0,-1.0,0.0,0.0,-1.0,0.0,1.0,0.0,1.0,1.0,2.0,1.0,1.0,1.0,1.0,,2.0,
86,Male,25-29,"Science, Technology, Engineering and Mathematics",,(Swiss-)German,Yes,3,1,0,0,0,0,0,0,0,0,0,0,0,,2.0,2.0,2.0,1.0,1.0,2.0,2.0,2.0,1.0,0.0,2.0,1.0,1.0,1.0,0.0,1.0,-1.0,0.0,1.0,0.0,-1.0,0.0,-2.0,0.0,1.0,1.0,1.0,0.0,0.0,1.0,,2.0,
87,Male,30-34,Life Sciences and Medicine,,English,Yes,4,2,1,1,0,0,3,0,0,0,0,0,0,,2.0,2.0,-1.0,-1.0,1.0,0.0,2.0,2.0,0.0,-2.0,2.0,-2.0,2.0,2.0,-1.0,1.0,0.0,0.0,-1.0,1.0,-1.0,0.0,-2.0,1.0,2.0,2.0,2.0,2.0,0.0,2.0,,3.0,
88,Female,25-29,Life Sciences and Medicine,,(Swiss-)German,Yes,2,1,0,0,0,0,1,0,0,0,0,0,0,,2.0,2.0,1.0,1.0,2.0,1.0,2.0,2.0,1.0,0.0,1.0,0.0,0.0,1.0,0.0,0.0,0.0,-1.0,-1.0,-1.0,-2.0,0.0,-2.0,3.0,2.0,3.0,3.0,4.0,2.0,2.0,,0.0,
90,Male,25-29,Other,Facility Management,(Swiss-)German,Yes,3,1,1,0,0,0,1,0,0,0,0,0,0,,2.0,2.0,1.0,0.0,1.0,2.0,2.0,2.0,0.0,-1.0,2.0,-1.0,2.0,2.0,2.0,2.0,2.0,2.0,1.0,1.0,-1.0,0.0,-2.0,2.0,2.0,0.0,2.0,1.0,0.0,1.0,,3.0,
92,Female,30-34,Life Sciences and Medicine,,(Swiss-)German,Yes,4,1,1,0,0,0,1,0,0,0,1,0,0,,1.0,1.0,0.0,-1.0,1.0,1.0,1.0,1.0,0.0,-1.0,2.0,1.0,2.0,2.0,2.0,1.0,1.0,1.0,1.0,1.0,-1.0,1.0,0.0,1.0,2.0,2.0,2.0,2.0,1.0,2.0,,3.0,
93,Female,25-29,,Applied linguistics,(Swiss-)German,Yes,3,1,2,0,0,0,0,0,0,0,0,0,2,,2.0,1.0,0.0,0.0,1.0,2.0,1.0,1.0,0.0,0.0,1.0,1.0,1.0,1.0,1.0,1.0,0.0,0.0,1.0,1.0,1.0,0.0,0.0,2.0,1.0,1.0,1.0,1.0,1.0,1.0,,2.0,
94,Female,25-29,Business and Economics,,(Swiss-)German,Yes,3,0,0,0,0,0,0,0,0,0,0,0,0,,,,,,,,,,,,,,,,,,,,,,,,,,,,,,,,,,
95,Female,20-24,Other,Physiotherapy,(Swiss-)German,Yes,2,1,0,0,0,0,0,0,0,0,0,0,0,,2.0,2.0,1.0,1.0,-1.0,2.0,2.0,2.0,1.0,0.0,1.0,0.0,1.0,1.0,1.0,0.0,-1.0,-1.0,0.0,0.0,0.0,1.0,-1.0,2.0,2.0,2.0,3.0,2.0,1.0,1.0,,0.0,
96,Male,over 35 years,"Science, Technology, Engineering and Mathematics",,(Swiss-)German,Yes,4,1,2,0,0,0,1,0,4,0,0,0,0,,2.0,2.0,0.0,-2.0,2.0,2.0,2.0,2.0,2.0,-2.0,-2.0,-2.0,0.0,0.0,0.0,0.0,0.0,0.0,-2.0,-2.0,0.0,0.0,-2.0,2.0,1.0,0.0,0.0,4.0,0.0,1.0,We are forced to use Teams and its a terrible tool,2.0,
97,Female,over 35 years,Business and Economics,,(Swiss-)German,Yes,2,2,2,1,1,1,2,1,1,1,1,1,1,,-2.0,-2.0,-2.0,-2.0,-2.0,-2.0,-2.0,-2.0,-2.0,-2.0,-2.0,-2.0,-2.0,-1.0,-1.0,1.0,0.0,0.0,1.0,1.0,1.0,1.0,1.0,,,,,,,,,,
98,Male,20-24,Other,Wirtschaftsinformatik,(Swiss-)German,Yes,3,1,1,0,0,4,0,0,0,0,0,0,0,,,,,,,,,,,,,,,,,,,,,,,,,,,,,,,,,,
99,Female,20-24,Other,Midwifery,(Swiss-)German,Yes,3,1,1,0,0,0,0,0,0,0,0,0,3,,1.0,1.0,0.0,0.0,2.0,0.0,0.0,1.0,0.0,-1.0,0.0,-2.0,,,,,,,,,,,,,,,,,,,,,
100,Male,30-34,Life Sciences and Medicine,,(Swiss-)German,Yes,3,1,1,0,0,0,1,0,0,0,0,0,0,,,,,,,,,,,,,,,,,,,,,,,,,,,,,,,,,,
101,Female,30-34,Life Sciences and Medicine,,(Swiss-)German,Yes,2,0,4,0,0,0,1,0,0,0,0,0,2,,2.0,1.0,2.0,0.0,2.0,2.0,1.0,2.0,0.0,0.0,1.0,1.0,1.0,1.0,1.0,2.0,0.0,1.0,1.0,1.0,1.0,1.0,0.0,2.0,2.0,1.0,1.0,2.0,2.0,1.0,,3.0,
102,Female,20-24,Life Sciences and Medicine,,(Swiss-)German,Yes,3,2,0,0,0,0,2,0,0,0,0,0,2,,2.0,1.0,0.0,0.0,2.0,2.0,1.0,2.0,2.0,-1.0,1.0,-1.0,1.0,2.0,0.0,1.0,0.0,1.0,1.0,1.0,1.0,0.0,-1.0,1.0,2.0,0.0,0.0,1.0,0.0,1.0,,2.0,
103,Female,20-24,Other,Health and Prevention,(Swiss-)German,Yes,2,1,0,0,0,0,0,0,0,0,0,0,0,,2.0,1.0,0.0,1.0,-1.0,2.0,0.0,0.0,0.0,0.0,0.0,1.0,1.0,0.0,1.0,0.0,1.0,0.0,1.0,0.0,0.0,0.0,1.0,3.0,2.0,2.0,1.0,1.0,0.0,2.0,,1.0,
104,Female,20-24,Other,Health,(Swiss-)German,Yes,3,1,1,0,0,0,1,0,0,0,0,0,0,,1.0,1.0,1.0,1.0,2.0,1.0,1.0,2.0,1.0,1.0,2.0,0.0,2.0,2.0,2.0,2.0,1.0,1.0,0.0,-1.0,2.0,1.0,1.0,3.0,2.0,1.0,2.0,0.0,1.0,1.0,,4.0,
105,Male,20-24,Other,Nursing,(Swiss-)German,Yes,2,2,1,0,0,0,0,0,0,0,0,0,1,,1.0,1.0,0.0,-1.0,2.0,2.0,2.0,2.0,0.0,-1.0,2.0,-1.0,0.0,1.0,0.0,-1.0,-1.0,-1.0,1.0,1.0,1.0,0.0,-2.0,2.0,1.0,2.0,2.0,3.0,1.0,1.0,,1.0,
106,Female,20-24,Life Sciences and Medicine,,(Swiss-)German,Yes,3,1,2,0,0,4,1,0,0,0,0,0,0,,2.0,1.0,2.0,-1.0,2.0,-1.0,1.0,2.0,-2.0,-2.0,2.0,0.0,-1.0,0.0,-1.0,-1.0,-1.0,-1.0,1.0,0.0,-1.0,-1.0,-2.0,2.0,3.0,3.0,1.0,1.0,0.0,2.0,,2.0,
107,Male,25-29,Business and Economics,,(Swiss-)German,Yes,3,1,1,0,0,0,0,0,3,0,0,0,0,,2.0,1.0,1.0,0.0,2.0,-1.0,1.0,2.0,-1.0,-1.0,2.0,-2.0,1.0,1.0,0.0,-1.0,0.0,0.0,1.0,0.0,-1.0,0.0,1.0,1.0,2.0,3.0,2.0,1.0,0.0,2.0,,2.0,
108,Female,25-29,Life Sciences and Medicine,,(Swiss-)German,Yes,3,2,0,0,0,0,1,0,0,0,3,0,0,,1.0,1.0,0.0,1.0,2.0,2.0,2.0,2.0,1.0,-1.0,1.0,1.0,1.0,2.0,2.0,1.0,-1.0,0.0,1.0,1.0,1.0,0.0,-2.0,2.0,1.0,0.0,0.0,1.0,0.0,0.0,,3.0,
109,Male,20-24,"Science, Technology, Engineering and Mathematics",,(Swiss-)German,Yes,3,2,3,0,0,0,1,0,0,0,0,0,1,,2.0,2.0,2.0,0.0,2.0,-1.0,1.0,2.0,-1.0,1.0,2.0,-2.0,-1.0,1.0,1.0,1.0,-2.0,-2.0,0.0,-1.0,0.0,0.0,-1.0,3.0,2.0,3.0,4.0,2.0,0.0,1.0,social lonelyness increase,2.0,
110,Female,25-29,Business and Economics,,(Swiss-)German,Yes,4,1,2,0,0,0,1,0,0,0,0,0,0,,1.0,0.0,-1.0,-1.0,1.0,2.0,2.0,1.0,-1.0,-1.0,-1.0,-1.0,0.0,2.0,1.0,1.0,1.0,0.0,1.0,2.0,1.0,0.0,-1.0,1.0,2.0,1.0,1.0,1.0,2.0,1.0,,3.0,
111,Male,20-24,"Science, Technology, Engineering and Mathematics",,(Swiss-)German,Yes,2,0,1,0,0,0,0,0,1,0,0,0,0,,2.0,2.0,0.0,1.0,2.0,2.0,2.0,2.0,1.0,0.0,1.0,1.0,1.0,1.0,2.0,1.0,0.0,0.0,1.0,1.0,1.0,1.0,-1.0,2.0,1.0,0.0,0.0,1.0,0.0,0.0,,3.0,
112,Male,25-29,Other,Wirtschaftsinformatik,(Swiss-)German,Yes,2,0,1,0,0,0,0,0,1,0,0,0,0,,1.0,1.0,1.0,1.0,1.0,0.0,1.0,0.0,0.0,0.0,0.0,0.0,1.0,2.0,2.0,0.0,1.0,1.0,1.0,1.0,1.0,0.0,1.0,2.0,2.0,1.0,2.0,2.0,3.0,3.0,,3.0,
113,Male,25-29,Other,Architecture ,(Swiss-)German,Yes,1,0,0,0,0,1,0,0,0,0,0,0,0,,2.0,1.0,1.0,1.0,0.0,-1.0,1.0,1.0,0.0,-1.0,0.0,0.0,1.0,1.0,-1.0,-1.0,-1.0,0.0,-1.0,1.0,-2.0,0.0,-2.0,2.0,1.0,3.0,1.0,1.0,2.0,1.0,,1.0,
114,Male,20-24,Business and Economics,,(Swiss-)German,Yes,3,0,0,0,0,0,1,0,3,0,0,0,0,,0.0,1.0,-1.0,-2.0,1.0,1.0,2.0,2.0,0.0,-1.0,-1.0,0.0,1.0,1.0,2.0,-2.0,-2.0,1.0,1.0,-1.0,0.0,0.0,-1.0,1.0,1.0,0.0,1.0,0.0,1.0,2.0,,3.0,
115,Female,20-24,Law,,(Swiss-)German,Yes,3,0,0,0,0,1,0,0,0,0,0,0,0,,2.0,1.0,0.0,0.0,2.0,2.0,2.0,2.0,0.0,-1.0,2.0,1.0,1.0,1.0,1.0,0.0,-1.0,0.0,0.0,1.0,-1.0,0.0,1.0,3.0,3.0,2.0,2.0,1.0,1.0,1.0,,2.0,
116,Male,25-29,"Science, Technology, Engineering and Mathematics",,(Swiss-)German,Yes,2,0,1,0,0,0,1,0,2,0,0,0,3,,2.0,2.0,2.0,0.0,0.0,0.0,0.0,1.0,1.0,0.0,-1.0,-1.0,1.0,1.0,0.0,-1.0,-2.0,-1.0,0.0,0.0,0.0,1.0,-2.0,3.0,2.0,1.0,2.0,0.0,1.0,2.0,no,2.0,
117,Female,20-24,Life Sciences and Medicine,,(Swiss-)German,Yes,3,2,1,0,0,0,2,0,0,0,0,0,0,,2.0,1.0,0.0,-1.0,1.0,1.0,1.0,1.0,0.0,-1.0,1.0,0.0,0.0,0.0,1.0,0.0,-1.0,-1.0,1.0,0.0,-1.0,0.0,-2.0,2.0,2.0,3.0,3.0,2.0,1.0,2.0,,2.0,
118,Female,20-24,Law,,(Swiss-)German,Yes,3,0,0,0,0,0,0,1,1,0,1,1,0,,2.0,2.0,2.0,1.0,1.0,2.0,2.0,2.0,0.0,-1.0,2.0,2.0,2.0,1.0,1.0,0.0,-1.0,0.0,2.0,-1.0,0.0,0.0,-1.0,2.0,0.0,2.0,2.0,1.0,2.0,1.0,,2.0,
119,Female,20-24,Communication and Media Studies,,(Swiss-)German,Yes,2,1,0,0,0,0,0,0,0,0,0,0,0,,2.0,1.0,1.0,0.0,1.0,1.0,0.0,0.0,1.0,0.0,0.0,0.0,,,,,,,,,,,,,,,,,,,,,
120,Male,20-24,"Science, Technology, Engineering and Mathematics",,(Swiss-)German,Yes,4,0,2,0,0,0,0,0,3,0,0,0,0,,2.0,2.0,0.0,-1.0,1.0,1.0,2.0,-1.0,-1.0,-1.0,-1.0,0.0,2.0,1.0,1.0,1.0,-1.0,-1.0,1.0,-1.0,0.0,0.0,-2.0,2.0,1.0,1.0,2.0,3.0,0.0,1.0,,2.0,
121,Male,20-24,Business and Economics,,(Swiss-)German,Yes,4,1,0,0,0,0,1,0,0,0,0,0,4,,2.0,1.0,2.0,0.0,0.0,0.0,0.0,2.0,1.0,-1.0,0.0,0.0,1.0,2.0,1.0,0.0,-1.0,0.0,1.0,2.0,0.0,2.0,-1.0,1.0,1.0,3.0,3.0,2.0,0.0,1.0,,3.0,
122,Other,30-34,"Science, Technology, Engineering and Mathematics",,(Swiss-)German,Yes,3,1,1,1,0,0,0,0,3,0,0,0,0,,2.0,2.0,1.0,0.0,0.0,1.0,2.0,1.0,0.0,1.0,2.0,2.0,1.0,1.0,1.0,1.0,1.0,1.0,0.0,0.0,0.0,1.0,-1.0,,,,,,,,,,
123,Male,20-24,"Science, Technology, Engineering and Mathematics",,(Swiss-)German,Yes,3,1,1,0,0,3,1,0,4,0,0,0,4,,1.0,2.0,0.0,-1.0,2.0,1.0,1.0,2.0,0.0,-1.0,0.0,1.0,1.0,2.0,1.0,1.0,0.0,0.0,0.0,0.0,0.0,0.0,-2.0,3.0,0.0,2.0,1.0,2.0,1.0,0.0,,3.0,The new Teams and Outlook are very instable and thus not so attractive anymore. 
124,Female,25-29,"Science, Technology, Engineering and Mathematics",,(Swiss-)German,Yes,3,1,1,0,0,0,2,0,3,0,0,0,0,,1.0,1.0,0.0,0.0,2.0,1.0,1.0,1.0,0.0,-1.0,0.0,-1.0,2.0,1.0,0.0,0.0,-1.0,0.0,1.0,0.0,0.0,-1.0,-2.0,2.0,2.0,1.0,2.0,1.0,2.0,2.0,,3.0,
125,Female,25-29,Life Sciences and Medicine,,(Swiss-)German,Yes,4,2,0,0,0,0,2,0,0,0,0,0,2,,1.0,1.0,0.0,-1.0,2.0,1.0,1.0,2.0,0.0,0.0,1.0,1.0,1.0,1.0,0.0,0.0,-1.0,-1.0,1.0,0.0,-1.0,1.0,-1.0,1.0,2.0,1.0,2.0,0.0,1.0,2.0,,1.0,
126,Female,20-24,"Science, Technology, Engineering and Mathematics",,(Swiss-)German,Yes,2,0,0,0,0,0,0,0,0,0,0,0,0,,2.0,2.0,1.0,0.0,-2.0,2.0,2.0,2.0,1.0,1.0,1.0,2.0,1.0,1.0,1.0,1.0,1.0,1.0,1.0,0.0,-1.0,0.0,0.0,1.0,1.0,1.0,1.0,1.0,1.0,1.0,,2.0,
127,Female,25-29,Other,Applied Linguistics,Italian,Yes,2,1,4,0,0,0,1,0,0,0,0,0,0,,1.0,1.0,1.0,0.0,2.0,2.0,2.0,2.0,0.0,0.0,2.0,1.0,2.0,2.0,2.0,2.0,0.0,2.0,1.0,0.0,0.0,0.0,-2.0,2.0,0.0,2.0,2.0,0.0,2.0,0.0,,4.0,"Using these tools gives you more flexibility and ability to participate in more classes and/or events organized by your institution. Especially if, like me, you are a commuter and therefore also manage to save some money by not having to make the trip."
128,Other,20-24,"Science, Technology, Engineering and Mathematics",,English,Yes,3,1,2,0,0,0,0,0,1,0,0,0,0,,2.0,2.0,1.0,0.0,0.0,2.0,2.0,1.0,1.0,0.0,1.0,1.0,1.0,-1.0,-1.0,0.0,0.0,1.0,1.0,1.0,-1.0,1.0,-1.0,1.0,2.0,2.0,2.0,1.0,2.0,1.0,,3.0,
129,Female,25-29,Life Sciences and Medicine,,(Swiss-)German,Yes,4,0,4,0,0,0,0,0,2,0,0,0,0,,,,,,,,,,,,,,,,,,,,,,,,,,,,,,,,,,
130,Male,30-34,Law,,(Swiss-)German,Yes,1,1,1,0,0,0,0,0,0,0,0,0,0,,0.0,0.0,0.0,0.0,0.0,0.0,0.0,0.0,0.0,0.0,0.0,1.0,2.0,2.0,0.0,0.0,-1.0,-1.0,0.0,0.0,1.0,0.0,0.0,2.0,2.0,2.0,2.0,2.0,2.0,2.0,,1.0,
131,Male,20-24,Business and Economics,,(Swiss-)German,Yes,2,0,1,0,0,0,1,0,3,0,0,1,0,,2.0,2.0,1.0,0.0,0.0,0.0,1.0,1.0,0.0,0.0,1.0,0.0,1.0,1.0,1.0,0.0,-1.0,0.0,1.0,1.0,1.0,1.0,0.0,1.0,2.0,1.0,2.0,1.0,0.0,1.0,,2.0,
132,Male,over 35 years,Other,Ergotherapie,(Swiss-)German,Yes,3,2,0,0,0,3,1,0,0,0,0,0,3,,2.0,1.0,0.0,-1.0,1.0,1.0,2.0,2.0,1.0,0.0,1.0,1.0,1.0,1.0,1.0,-1.0,-1.0,-2.0,-2.0,-2.0,-1.0,0.0,-2.0,2.0,1.0,2.0,3.0,3.0,1.0,1.0,Usability ,0.0,Collaborative tools separates me physically from my study colleagues. That’s negative for my study performance 
133,Female,20-24,Life Sciences and Medicine,,(Swiss-)German,Yes,3,2,0,0,0,0,1,0,0,0,0,0,1,,2.0,1.0,1.0,-1.0,1.0,1.0,1.0,0.0,-1.0,0.0,1.0,0.0,0.0,1.0,0.0,-1.0,-1.0,0.0,0.0,-1.0,0.0,-1.0,-2.0,1.0,1.0,1.0,3.0,1.0,1.0,1.0,,0.0,
134,Female,20-24,Life Sciences and Medicine,,(Swiss-)German,Yes,3,1,0,0,0,0,0,0,2,0,0,0,0,,1.0,1.0,0.0,0.0,1.0,1.0,1.0,1.0,1.0,-1.0,0.0,0.0,1.0,1.0,1.0,0.0,-1.0,-1.0,0.0,-1.0,0.0,0.0,-1.0,,,,,,,,,,
136,Female,20-24,Social Sciences,,(Swiss-)German,Yes,4,2,0,0,0,0,1,0,0,0,0,0,0,,,,,,,,,,,,,,,,,,,,,,,,,,,,,,,,,,
137,Female,20-24,Life Sciences and Medicine,,(Swiss-)German,Yes,2,1,0,0,0,0,1,0,0,0,0,0,4,,2.0,1.0,1.0,0.0,1.0,1.0,2.0,2.0,1.0,0.0,1.0,0.0,,,,,,,,,,,,,,,,,,,,,
138,Male,20-24,Life Sciences and Medicine,,(Swiss-)German,Yes,2,1,1,0,0,0,1,0,0,0,0,0,0,,2.0,2.0,0.0,0.0,1.0,0.0,1.0,2.0,0.0,0.0,1.0,0.0,,,,,,,,,,,,,,,,,,,,,
139,Female,20-24,Business and Economics,,(Swiss-)German,Yes,2,1,0,0,0,0,0,0,0,0,0,0,2,,2.0,1.0,0.0,0.0,0.0,2.0,2.0,2.0,0.0,0.0,0.0,0.0,2.0,2.0,2.0,2.0,2.0,0.0,1.0,0.0,0.0,0.0,1.0,2.0,1.0,2.0,2.0,2.0,0.0,2.0,no,2.0,
140,Male,20-24,"Science, Technology, Engineering and Mathematics",,(Swiss-)German,Yes,3,0,1,0,0,0,0,0,3,0,0,0,3,,2.0,2.0,0.0,0.0,2.0,0.0,2.0,2.0,0.0,0.0,2.0,0.0,2.0,2.0,1.0,1.0,0.0,0.0,-1.0,0.0,0.0,0.0,1.0,,,,,,,,,,
142,Male,25-29,"Science, Technology, Engineering and Mathematics",,(Swiss-)German,Yes,4,0,0,0,0,0,0,0,3,0,0,0,4,,1.0,2.0,1.0,0.0,2.0,1.0,2.0,1.0,-1.0,-1.0,2.0,1.0,2.0,2.0,2.0,2.0,1.0,0.0,2.0,2.0,0.0,0.0,0.0,2.0,2.0,0.0,0.0,0.0,0.0,0.0,,3.0,"In my oppinion, the biggest impact of collaboration tools on my studies is, that students can share information and even sollutions to exercises really well. (The students can sometimes become more or less a hive mind)"
143,Female,20-24,Life Sciences and Medicine,,(Swiss-)German,Yes,3,1,1,0,0,0,1,0,0,0,0,0,0,,2.0,2.0,0.0,1.0,2.0,2.0,2.0,2.0,2.0,1.0,2.0,1.0,1.0,0.0,0.0,2.0,-1.0,0.0,1.0,1.0,1.0,1.0,-1.0,2.0,1.0,1.0,1.0,2.0,1.0,2.0,,2.0,
144,Female,25-29,Other,Health,(Swiss-)German,Yes,4,1,3,0,0,0,1,0,0,0,0,0,1,,2.0,1.0,1.0,0.0,1.0,1.0,1.0,2.0,-1.0,-1.0,1.0,0.0,1.0,2.0,0.0,0.0,-1.0,-1.0,-1.0,-1.0,-1.0,1.0,-1.0,2.0,2.0,2.0,2.0,1.0,1.0,1.0,,2.0,
145,Female,over 35 years,Life Sciences and Medicine,,(Swiss-)German,Yes,2,2,1,0,0,0,1,0,0,0,0,0,0,,1.0,1.0,1.0,0.0,1.0,1.0,1.0,1.0,1.0,1.0,1.0,0.0,1.0,1.0,1.0,1.0,-1.0,0.0,1.0,1.0,-1.0,1.0,-1.0,1.0,2.0,3.0,3.0,1.0,2.0,3.0,,2.0,
147,Male,20-24,Business and Economics,,(Swiss-)German,Yes,3,0,0,0,0,0,1,0,0,0,0,0,0,,2.0,1.0,1.0,-1.0,-1.0,0.0,2.0,2.0,0.0,-1.0,2.0,1.0,1.0,2.0,1.0,1.0,0.0,-1.0,1.0,2.0,1.0,0.0,-2.0,1.0,0.0,2.0,2.0,3.0,1.0,0.0,,3.0,
148,Female,20-24,Life Sciences and Medicine,,(Swiss-)German,Yes,3,1,0,0,0,0,1,0,0,0,0,0,1,,2.0,1.0,0.0,0.0,1.0,2.0,1.0,2.0,0.0,-1.0,1.0,0.0,2.0,2.0,1.0,1.0,-1.0,-1.0,0.0,1.0,1.0,0.0,-1.0,1.0,1.0,1.0,1.0,1.0,1.0,1.0,Keine die mir gerade einfallen.,3.0,
149,Female,25-29,Social Sciences,,(Swiss-)German,Yes,2,2,0,0,0,0,1,0,0,0,0,0,0,,1.0,1.0,0.0,1.0,1.0,0.0,2.0,1.0,-1.0,-1.0,-1.0,0.0,1.0,2.0,1.0,0.0,0.0,0.0,1.0,0.0,0.0,0.0,-2.0,2.0,3.0,1.0,1.0,1.0,2.0,1.0,,2.0,
151,Female,25-29,Social Sciences,,(Swiss-)German,Yes,1,3,0,0,0,0,1,0,0,0,0,0,1,,1.0,2.0,0.0,-1.0,1.0,1.0,2.0,2.0,0.0,-1.0,0.0,-1.0,1.0,1.0,-1.0,0.0,1.0,1.0,-1.0,-2.0,0.0,1.0,-2.0,1.0,1.0,1.0,2.0,1.0,1.0,1.0,,1.0,
152,Male,25-29,Life Sciences and Medicine,,English,Yes,3,2,0,0,0,3,0,0,4,0,0,0,0,,1.0,1.0,1.0,1.0,1.0,1.0,2.0,1.0,2.0,1.0,1.0,2.0,0.0,1.0,1.0,-1.0,2.0,1.0,1.0,-1.0,2.0,2.0,0.0,4.0,3.0,4.0,3.0,2.0,4.0,3.0,,2.0,
153,Female,20-24,Business and Economics,,(Swiss-)German,Yes,4,1,0,0,0,0,0,0,0,0,0,0,0,,2.0,0.0,1.0,0.0,2.0,2.0,2.0,2.0,0.0,0.0,2.0,0.0,2.0,2.0,2.0,2.0,0.0,0.0,2.0,0.0,-1.0,0.0,-1.0,2.0,1.0,1.0,1.0,2.0,0.0,1.0,,3.0,
154,Male,30-34,Business and Economics,,(Swiss-)German,Yes,4,1,2,0,0,0,0,0,0,0,0,0,0,,1.0,1.0,1.0,2.0,1.0,1.0,1.0,0.0,0.0,0.0,-1.0,-1.0,2.0,2.0,1.0,0.0,0.0,0.0,1.0,1.0,0.0,0.0,0.0,2.0,2.0,0.0,0.0,2.0,1.0,1.0,,2.0,
155,Female,20-24,Other,Social Work,(Swiss-)German,Yes,2,2,0,0,0,0,2,0,0,0,0,0,0,,0.0,1.0,1.0,2.0,-2.0,-1.0,2.0,2.0,2.0,-1.0,1.0,0.0,0.0,-1.0,-2.0,1.0,-2.0,1.0,1.0,0.0,1.0,0.0,0.0,1.0,2.0,4.0,2.0,0.0,1.0,2.0,"audio blocks out multiple people speaking, leads to difficulties in discussions and a lack of flow when talking to each other",2.0,
156,Female,20-24,Business and Economics,,(Swiss-)German,Yes,1,0,0,0,0,0,0,0,0,0,0,0,0,,-1.0,-1.0,-1.0,-1.0,-1.0,-1.0,-1.0,-1.0,-1.0,-1.0,-1.0,-1.0,-1.0,-1.0,-1.0,-1.0,-1.0,-1.0,-1.0,-1.0,-1.0,-1.0,-1.0,1.0,1.0,1.0,1.0,1.0,1.0,1.0,-,0.0,
157,Other,20-24,Communication and Media Studies,,(Swiss-)German,Yes,3,1,2,0,0,0,0,0,0,0,0,0,3,,2.0,2.0,1.0,0.0,2.0,1.0,1.0,0.0,-1.0,-1.0,2.0,0.0,2.0,1.0,2.0,0.0,1.0,0.0,2.0,-1.0,-2.0,0.0,0.0,4.0,2.0,2.0,1.0,3.0,1.0,2.0,,3.0,
158,Male,30-34,Business and Economics,,(Swiss-)German,Yes,3,3,3,3,1,0,1,1,1,1,0,0,0,,2.0,2.0,2.0,2.0,2.0,2.0,2.0,2.0,2.0,2.0,2.0,0.0,2.0,2.0,2.0,2.0,2.0,2.0,2.0,2.0,2.0,2.0,2.0,2.0,0.0,0.0,1.0,0.0,1.0,0.0,,4.0,
159,Male,25-29,"Science, Technology, Engineering and Mathematics",,(Swiss-)German,Yes,2,0,0,0,0,0,0,0,0,0,0,0,0,,1.0,1.0,0.0,0.0,0.0,0.0,1.0,1.0,0.0,0.0,1.0,1.0,1.0,2.0,1.0,0.0,0.0,2.0,2.0,-2.0,-1.0,0.0,-2.0,1.0,0.0,1.0,0.0,0.0,0.0,0.0,"Just teachers, which do not stream their courses. It should be the normalty.",3.0,Yeah make it normal for teachers to stream their courses.
160,Female,20-24,Life Sciences and Medicine,,(Swiss-)German,Yes,2,1,3,0,0,0,0,0,0,0,0,0,0,,2.0,1.0,0.0,1.0,0.0,1.0,1.0,2.0,-1.0,0.0,1.0,1.0,0.0,2.0,0.0,0.0,0.0,0.0,1.0,0.0,1.0,0.0,0.0,2.0,1.0,1.0,2.0,2.0,1.0,2.0,,2.0,
162,Female,20-24,Business and Economics,,(Swiss-)German,Yes,4,1,0,0,0,0,3,0,0,0,0,0,0,,,,,,,,,,,,,,,,,,,,,,,,,,,,,,,,,,
163,Male,over 35 years,"Science, Technology, Engineering and Mathematics",,(Swiss-)German,Yes,4,3,1,0,0,0,2,0,0,0,0,0,0,,-1.0,0.0,-1.0,-1.0,1.0,2.0,0.0,1.0,0.0,0.0,0.0,0.0,-1.0,-1.0,-1.0,0.0,0.0,-1.0,0.0,1.0,0.0,0.0,0.0,2.0,4.0,2.0,3.0,0.0,3.0,2.0,"too much technology kills the effectiveness for interdisciplinary exchanges - transformation process lives through real communication - to depended on electronic devices - not very sustainable though (side effects - electricity / eyes / sleep = weighting of interests (Güterabwägung) - too much PPT's with unimportant messages (text, logo, pictures etc.) - a short and compact script is sufficient instead tons of PPT's with lots of space and similar structures (similarities are more difficult to memorize) - I might be old school, but this is how it is in our time now - personal thoughts! The best would be a balanced mix and short compact PPT's ...",2.0,"I would wish to have a better balance between classical learning approach and modern approach (for elderly students like me I should focus on the content of the study and not struggling and investing time to find out how electronic devices and tools are working! It's incredible time consuming to align everything while others are very familiar with devices and tools. But, I have learned a lot since September 2023 and I am happy to improve constantly! Thanks for the survey! "
164,Female,25-29,Social Sciences,,(Swiss-)German,Yes,2,2,3,0,0,0,1,0,0,0,0,0,0,,2.0,2.0,0.0,-2.0,2.0,2.0,2.0,1.0,-1.0,-2.0,1.0,0.0,2.0,2.0,1.0,2.0,0.0,1.0,,,,,,,,,,,,,,,
165,Male,20-24,Business and Economics,,(Swiss-)German,Yes,3,0,0,0,0,1,0,0,0,0,0,0,4,,2.0,2.0,1.0,-1.0,1.0,0.0,1.0,2.0,-1.0,-1.0,1.0,0.0,2.0,2.0,1.0,0.0,-1.0,0.0,1.0,1.0,0.0,0.0,-1.0,1.0,2.0,2.0,4.0,2.0,0.0,2.0,,2.0,
166,Female,over 35 years,"Science, Technology, Engineering and Mathematics",,(Swiss-)German,Yes,1,1,1,0,1,0,0,0,0,0,0,0,0,,1.0,1.0,1.0,-1.0,1.0,1.0,2.0,2.0,-1.0,-1.0,1.0,-1.0,1.0,1.0,0.0,1.0,-1.0,-1.0,1.0,1.0,1.0,0.0,-2.0,1.0,1.0,1.0,2.0,2.0,2.0,1.0,,2.0,
167,Female,20-24,Other,IT & economy ,(Swiss-)German,Yes,3,0,0,0,0,4,0,0,1,0,0,0,3,,2.0,2.0,1.0,1.0,2.0,1.0,1.0,1.0,1.0,0.0,2.0,1.0,1.0,1.0,2.0,-1.0,-1.0,-1.0,2.0,-1.0,0.0,0.0,0.0,0.0,1.0,2.0,2.0,3.0,1.0,2.0,working on one file with everybody at once,2.0,teams for example us rarely used but i use notion for my self a lot and it really increased my learning progress. but not really bcs of collaboration 
168,Male,25-29,Other,Wirtschaftsinformatik ,(Swiss-)German,Yes,2,1,0,0,0,0,1,0,1,2,0,0,0,,1.0,2.0,1.0,0.0,2.0,1.0,2.0,1.0,0.0,0.0,0.0,-1.0,2.0,1.0,1.0,2.0,-1.0,-1.0,1.0,0.0,0.0,0.0,-2.0,1.0,2.0,0.0,2.0,1.0,0.0,1.0,,2.0,
169,Male,20-24,Life Sciences and Medicine,,(Swiss-)German,Yes,1,1,0,0,0,0,0,0,0,0,0,0,3,,1.0,1.0,0.0,1.0,0.0,1.0,1.0,1.0,-1.0,1.0,1.0,1.0,0.0,0.0,-1.0,0.0,-1.0,-1.0,0.0,0.0,1.0,0.0,-2.0,1.0,2.0,2.0,2.0,1.0,1.0,1.0,no,2.0,-
170,Female,25-29,Business and Economics,,(Swiss-)German,Yes,2,0,1,0,0,2,2,0,0,0,0,0,0,,2.0,1.0,0.0,-1.0,1.0,-1.0,1.0,2.0,-1.0,-1.0,1.0,1.0,1.0,1.0,1.0,0.0,-1.0,-1.0,1.0,-1.0,-2.0,-1.0,-1.0,2.0,1.0,2.0,3.0,1.0,1.0,2.0,,2.0,
171,Male,25-29,Life Sciences and Medicine,,English,Yes,4,2,1,0,0,0,1,0,0,1,0,0,0,,1.0,2.0,2.0,1.0,0.0,-1.0,0.0,1.0,-2.0,-2.0,-1.0,-1.0,2.0,2.0,1.0,-1.0,-1.0,0.0,0.0,0.0,-1.0,0.0,-1.0,1.0,1.0,2.0,3.0,1.0,0.0,0.0,,3.0,
172,Female,25-29,Life Sciences and Medicine,,(Swiss-)German,Yes,3,2,0,0,0,0,1,0,0,0,0,0,0,,1.0,1.0,0.0,-2.0,1.0,-1.0,0.0,1.0,-2.0,-2.0,-2.0,-1.0,-2.0,,,,,,,,,,,,,,,,,,,,
173,Female,20-24,Life Sciences and Medicine,,(Swiss-)German,Yes,3,1,4,0,0,0,1,0,0,0,0,0,4,,1.0,1.0,0.0,0.0,0.0,1.0,1.0,1.0,0.0,0.0,1.0,0.0,0.0,1.0,0.0,0.0,-1.0,0.0,0.0,1.0,0.0,1.0,0.0,2.0,2.0,2.0,3.0,2.0,2.0,1.0,,2.0,
174,Female,20-24,"Science, Technology, Engineering and Mathematics",,(Swiss-)German,Yes,2,0,1,0,0,0,2,0,0,0,0,0,1,,1.0,1.0,0.0,1.0,2.0,2.0,1.0,1.0,0.0,-1.0,1.0,0.0,,,,,,,,,,,,,,,,,,,,,
175,Female,20-24,Life Sciences and Medicine,,(Swiss-)German,Yes,4,2,1,0,0,1,1,0,0,0,0,0,4,,2.0,2.0,2.0,1.0,2.0,1.0,2.0,2.0,1.0,0.0,1.0,1.0,1.0,1.0,-2.0,-1.0,0.0,0.0,1.0,0.0,0.0,0.0,-1.0,2.0,1.0,4.0,4.0,1.0,1.0,1.0,,0.0,
176,Male,20-24,"Science, Technology, Engineering and Mathematics",,(Swiss-)German,Yes,3,0,2,0,0,0,0,0,0,0,0,0,0,,1.0,2.0,0.0,0.0,2.0,1.0,2.0,1.0,1.0,0.0,0.0,1.0,1.0,2.0,0.0,0.0,0.0,1.0,1.0,1.0,0.0,0.0,-1.0,2.0,1.0,0.0,2.0,1.0,0.0,0.0,,2.0,
177,Male,20-24,Life Sciences and Medicine,,(Swiss-)German,Yes,4,2,4,0,0,0,4,0,0,0,1,0,0,,2.0,2.0,1.0,0.0,-2.0,-1.0,0.0,1.0,0.0,-1.0,1.0,-1.0,2.0,2.0,2.0,1.0,0.0,0.0,0.0,-1.0,-1.0,0.0,-2.0,1.0,1.0,1.0,1.0,0.0,0.0,1.0,,3.0,
178,Female,over 35 years,Life Sciences and Medicine,,English,Yes,2,1,0,0,0,0,2,0,0,0,0,0,0,,2.0,2.0,1.0,0.0,1.0,2.0,2.0,1.0,0.0,0.0,0.0,0.0,0.0,0.0,0.0,0.0,-1.0,-1.0,-1.0,0.0,-2.0,0.0,-2.0,2.0,4.0,3.0,2.0,1.0,3.0,4.0,,0.0,
179,Female,over 35 years,Education,,(Swiss-)German,Yes,2,1,1,0,0,0,1,0,0,0,0,0,0,,2.0,1.0,1.0,-1.0,2.0,2.0,1.0,1.0,1.0,1.0,0.0,-1.0,1.0,0.0,1.0,-1.0,-2.0,-1.0,0.0,-1.0,-1.0,0.0,-2.0,2.0,2.0,1.0,3.0,2.0,3.0,2.0,,2.0,
180,Female,20-24,Other,Health care,(Swiss-)German,Yes,4,0,3,0,0,0,1,0,0,0,0,0,0,,1.0,0.0,1.0,0.0,1.0,1.0,2.0,1.0,0.0,-1.0,-2.0,-1.0,1.0,1.0,2.0,2.0,0.0,0.0,1.0,0.0,-1.0,0.0,-1.0,1.0,1.0,0.0,2.0,3.0,1.0,2.0,,3.0,
181,Male,20-24,Communication and Media Studies,,(Swiss-)German,Yes,2,2,0,0,0,0,0,0,0,0,0,0,0,,2.0,1.0,0.0,-2.0,0.0,1.0,2.0,0.0,-1.0,-2.0,2.0,2.0,0.0,0.0,0.0,0.0,0.0,0.0,0.0,-1.0,0.0,0.0,0.0,,,,,,,,,,
182,Female,over 35 years,Communication and Media Studies,,(Swiss-)German,Yes,2,1,0,0,0,0,1,0,0,0,0,0,0,,2.0,2.0,0.0,-1.0,1.0,2.0,2.0,0.0,1.0,0.0,0.0,0.0,0.0,2.0,1.0,0.0,-1.0,-1.0,0.0,1.0,0.0,1.0,-2.0,2.0,1.0,1.0,0.0,2.0,0.0,0.0,,2.0,
183,Male,25-29,"Science, Technology, Engineering and Mathematics",,English,Yes,4,2,1,0,0,0,1,0,4,0,0,0,0,,2.0,1.0,2.0,0.0,1.0,0.0,1.0,1.0,2.0,-2.0,0.0,1.0,1.0,2.0,2.0,2.0,0.0,0.0,1.0,1.0,-1.0,1.0,-1.0,2.0,3.0,2.0,2.0,2.0,1.0,3.0,,3.0,
184,Female,20-24,Social Sciences,,(Swiss-)German,Yes,2,2,1,0,0,0,1,0,0,0,0,0,0,,1.0,1.0,1.0,0.0,1.0,-1.0,-1.0,0.0,-1.0,-1.0,-1.0,0.0,-1.0,0.0,0.0,0.0,0.0,-1.0,-1.0,0.0,1.0,0.0,0.0,2.0,2.0,2.0,2.0,2.0,2.0,2.0,,3.0,
185,Female,20-24,Business and Economics,,(Swiss-)German,Yes,3,1,0,0,0,0,1,0,0,0,0,0,0,,2.0,2.0,1.0,1.0,1.0,1.0,2.0,2.0,1.0,1.0,0.0,1.0,2.0,2.0,1.0,1.0,0.0,-1.0,1.0,1.0,1.0,0.0,-1.0,1.0,1.0,0.0,2.0,0.0,0.0,0.0,,1.0,
186,Female,20-24,Business and Economics,,(Swiss-)German,Yes,3,3,0,0,0,0,1,0,0,0,0,0,0,,2.0,1.0,1.0,0.0,1.0,0.0,1.0,2.0,-1.0,0.0,0.0,0.0,1.0,1.0,0.0,0.0,-1.0,0.0,0.0,0.0,0.0,-1.0,0.0,3.0,2.0,3.0,4.0,2.0,0.0,1.0,,3.0,
187,Female,25-29,Business and Economics,,(Swiss-)German,Yes,4,0,2,1,0,0,4,0,0,1,0,0,0,,2.0,1.0,0.0,1.0,0.0,0.0,2.0,-1.0,0.0,-1.0,2.0,-1.0,2.0,1.0,0.0,-1.0,1.0,0.0,1.0,1.0,1.0,0.0,-1.0,1.0,2.0,2.0,1.0,0.0,0.0,0.0,,2.0,
188,Male,over 35 years,"Science, Technology, Engineering and Mathematics",,(Swiss-)German,Yes,3,1,1,0,0,0,0,0,1,0,0,0,2,,2.0,2.0,1.0,0.0,2.0,2.0,1.0,1.0,1.0,0.0,1.0,-1.0,2.0,1.0,0.0,1.0,-2.0,-1.0,0.0,-1.0,-1.0,0.0,-2.0,3.0,1.0,1.0,2.0,3.0,1.0,1.0,,1.0,"Collaboration tools are helpfull for meetings (sponatneous, no time for travelling as it is for a physical meeting) but on the other hand it is more time consuming for discussions because its complicate for cummunication e.g. share ideas. Furthermore they are helpfull if lessons are recorded for learning but there is less participation (members and discussions/questions) in class if it is online. Organisation is more complicate as more different tools are used (missing some information, time consuming for searching documents as they are shared only in specific tools e.g. meeting in tool A, important infos in tool A or B, documents in tool B, C or D and class training in tool B or D) and sometimes missleading if a document is uploaded in two different tools but only updated in one of them."
189,Male,25-29,"Science, Technology, Engineering and Mathematics",,(Swiss-)German,Yes,4,1,2,0,0,0,0,0,0,0,0,2,0,,2.0,2.0,1.0,1.0,2.0,1.0,2.0,2.0,0.0,0.0,1.0,1.0,1.0,1.0,0.0,-1.0,0.0,1.0,-1.0,-2.0,-2.0,0.0,-2.0,1.0,2.0,2.0,3.0,1.0,1.0,4.0,,3.0,"Not only students among themselves should be using these tools. Lecturers should be also involved and motivated!  
The tools is not being using in vast majority of lectures."
190,Female,20-24,"Science, Technology, Engineering and Mathematics",,(Swiss-)German,Yes,4,1,4,0,0,0,1,0,1,0,0,0,0,,2.0,2.0,0.0,0.0,2.0,1.0,2.0,0.0,1.0,0.0,2.0,1.0,0.0,0.0,0.0,0.0,0.0,0.0,0.0,1.0,0.0,-1.0,0.0,1.0,1.0,1.0,2.0,2.0,3.0,1.0,,2.0,i almost use only Teams and outlook
191,Female,30-34,"Science, Technology, Engineering and Mathematics",,(Swiss-)German,Yes,4,1,1,0,0,0,0,0,0,0,0,0,0,,1.0,1.0,0.0,-1.0,2.0,2.0,1.0,2.0,0.0,0.0,2.0,1.0,2.0,2.0,2.0,0.0,1.0,0.0,1.0,-1.0,1.0,0.0,0.0,1.0,1.0,2.0,2.0,1.0,1.0,1.0,,3.0,
192,Female,20-24,Education,,(Swiss-)German,Yes,2,0,1,0,0,0,0,0,0,0,0,0,3,,1.0,1.0,-1.0,-1.0,0.0,0.0,0.0,0.0,-1.0,-1.0,0.0,-1.0,0.0,1.0,1.0,0.0,-1.0,0.0,1.0,0.0,0.0,0.0,-1.0,2.0,1.0,2.0,2.0,1.0,1.0,0.0,-,2.0,
193,Female,20-24,Other,Health Promotion and Prevention ,(Swiss-)German,Yes,2,1,0,0,0,0,2,0,0,0,0,0,4,,,,,,,,,,,,,,,,,,,,,,,,,,,,,,,,,,
194,Female,25-29,Social Sciences,,(Swiss-)German,Yes,2,1,1,0,0,3,0,0,0,0,0,0,0,,1.0,1.0,-1.0,-1.0,1.0,0.0,0.0,0.0,1.0,-1.0,0.0,1.0,1.0,1.0,0.0,0.0,-1.0,0.0,0.0,0.0,-1.0,0.0,-1.0,1.0,3.0,2.0,2.0,2.0,1.0,1.0,,1.0,
195,Female,over 35 years,Social Sciences,,(Swiss-)German,Yes,3,2,0,0,4,0,2,0,0,0,0,0,3,,2.0,1.0,0.0,0.0,2.0,0.0,1.0,2.0,0.0,-1.0,-1.0,-1.0,1.0,1.0,0.0,-1.0,-1.0,0.0,-1.0,-1.0,-1.0,-1.0,-2.0,2.0,2.0,2.0,2.0,1.0,2.0,2.0,,1.0,
196,Female,25-29,Business and Economics,,(Swiss-)German,Yes,4,1,1,0,0,0,1,0,0,0,0,1,0,,2.0,1.0,1.0,0.0,1.0,1.0,1.0,2.0,2.0,0.0,1.0,0.0,2.0,2.0,1.0,1.0,0.0,0.0,1.0,0.0,0.0,0.0,-1.0,1.0,1.0,1.0,2.0,1.0,0.0,0.0,,3.0,
197,Male,25-29,"Science, Technology, Engineering and Mathematics",,(Swiss-)German,Yes,2,1,1,0,0,0,0,0,1,0,0,0,0,,2.0,2.0,1.0,0.0,2.0,2.0,2.0,1.0,1.0,-1.0,1.0,2.0,1.0,-1.0,-1.0,1.0,-1.0,0.0,1.0,0.0,1.0,0.0,-1.0,3.0,2.0,3.0,3.0,1.0,2.0,1.0,,2.0,
198,Female,25-29,Business and Economics,,(Swiss-)German,Yes,3,0,4,0,0,1,1,0,0,1,0,1,0,,2.0,2.0,1.0,0.0,2.0,1.0,2.0,2.0,1.0,0.0,2.0,1.0,2.0,2.0,2.0,1.0,0.0,0.0,1.0,1.0,-1.0,0.0,-2.0,3.0,3.0,1.0,1.0,3.0,0.0,2.0,,2.0,
199,Female,20-24,Business and Economics,,English,Yes,3,2,4,1,1,2,0,0,0,0,0,0,1,,1.0,1.0,2.0,0.0,2.0,1.0,2.0,2.0,1.0,-1.0,2.0,1.0,0.0,1.0,-1.0,-1.0,-2.0,1.0,2.0,0.0,-1.0,0.0,-2.0,3.0,2.0,3.0,4.0,1.0,1.0,0.0,,0.0,
201,Female,20-24,Life Sciences and Medicine,,(Swiss-)German,Yes,2,1,0,0,0,0,0,0,0,0,0,0,0,,1.0,1.0,-1.0,0.0,1.0,0.0,2.0,1.0,-1.0,0.0,1.0,1.0,2.0,2.0,1.0,2.0,1.0,2.0,1.0,1.0,-1.0,1.0,-1.0,1.0,1.0,2.0,2.0,1.0,2.0,1.0,,2.0,
202,Male,20-24,"Science, Technology, Engineering and Mathematics",,(Swiss-)German,Yes,4,0,0,0,0,0,0,0,2,0,0,0,0,,2.0,2.0,2.0,0.0,1.0,1.0,2.0,2.0,-1.0,-1.0,1.0,-1.0,1.0,2.0,1.0,1.0,1.0,0.0,1.0,1.0,1.0,0.0,-1.0,1.0,2.0,1.0,1.0,0.0,2.0,1.0,,3.0,
203,Female,25-29,Other,psychology,(Swiss-)German,Yes,1,2,1,0,0,0,0,0,0,0,0,0,0,,1.0,1.0,0.0,0.0,2.0,2.0,1.0,2.0,0.0,-1.0,2.0,0.0,1.0,1.0,2.0,1.0,-1.0,-1.0,-1.0,1.0,1.0,2.0,-2.0,1.0,2.0,1.0,2.0,2.0,1.0,0.0,,1.0,
204,Female,25-29,Other,Social work,(Swiss-)German,Yes,2,1,1,0,0,0,1,0,0,0,0,0,0,,1.0,1.0,0.0,1.0,2.0,2.0,1.0,1.0,1.0,0.0,0.0,0.0,0.0,2.0,2.0,1.0,1.0,0.0,0.0,1.0,0.0,0.0,0.0,1.0,2.0,3.0,2.0,4.0,2.0,1.0,,3.0,
205,Female,20-24,Business and Economics,,English,Yes,3,1,2,0,0,0,0,0,0,0,0,0,4,,2.0,2.0,2.0,1.0,0.0,0.0,1.0,0.0,1.0,0.0,1.0,-1.0,2.0,1.0,1.0,1.0,0.0,0.0,1.0,1.0,0.0,0.0,-1.0,2.0,1.0,1.0,2.0,2.0,1.0,0.0,,3.0,
206,Female,20-24,Social Sciences,,(Swiss-)German,Yes,3,1,0,0,0,0,1,1,0,0,0,0,3,,2.0,2.0,0.0,-1.0,2.0,2.0,2.0,2.0,1.0,-1.0,1.0,1.0,2.0,2.0,2.0,-1.0,-1.0,-1.0,1.0,1.0,0.0,-1.0,-1.0,2.0,0.0,1.0,3.0,2.0,0.0,0.0,internet connection,2.0,
207,Male,30-34,"Science, Technology, Engineering and Mathematics",,(Swiss-)German,Yes,3,3,1,0,0,0,0,0,0,0,0,0,0,,,,,,,,,,,,,,,,,,,,,,,,,,,,,,,,,,
208,Female,25-29,Communication and Media Studies,,(Swiss-)German,Yes,2,1,2,0,0,0,1,0,0,0,0,0,0,,2.0,2.0,0.0,-1.0,0.0,-1.0,1.0,-1.0,-2.0,-2.0,-1.0,1.0,1.0,0.0,-1.0,1.0,-2.0,-2.0,1.0,1.0,2.0,0.0,-2.0,3.0,1.0,0.0,3.0,0.0,1.0,1.0,,2.0,
209,Male,20-24,"Science, Technology, Engineering and Mathematics",,(Swiss-)German,Yes,1,0,0,0,0,0,1,0,3,0,0,0,0,,2.0,2.0,1.0,1.0,2.0,2.0,2.0,2.0,1.0,-2.0,-2.0,-2.0,-1.0,-1.0,-2.0,-1.0,-2.0,-2.0,0.0,0.0,0.0,-1.0,-1.0,4.0,1.0,4.0,4.0,4.0,4.0,2.0,,0.0,
210,Male,20-24,Communication and Media Studies,,(Swiss-)German,Yes,2,2,1,0,0,0,1,0,0,0,0,0,0,,2.0,2.0,0.0,-1.0,0.0,1.0,2.0,1.0,1.0,0.0,0.0,0.0,,,,,,,,,,,,,,,,,,,,,
212,Male,30-34,Business and Economics,,English,Yes,1,1,1,0,0,0,1,0,0,0,0,0,0,,2.0,2.0,1.0,0.0,0.0,0.0,1.0,-1.0,-1.0,-1.0,2.0,0.0,1.0,1.0,1.0,1.0,1.0,0.0,1.0,1.0,-1.0,0.0,0.0,1.0,1.0,1.0,0.0,0.0,1.0,2.0,,2.0,
213,Female,over 35 years,Social Sciences,,(Swiss-)German,Yes,2,2,1,0,0,0,1,0,0,0,0,0,0,,,,,,,,,,,,,,,,,,,,,,,,,,,,,,,,,,
214,Female,20-24,Other,Linguistics,(Swiss-)German,Yes,3,1,0,0,0,0,2,0,1,0,0,0,0,,2.0,1.0,-1.0,0.0,-1.0,1.0,1.0,1.0,0.0,1.0,2.0,1.0,1.0,1.0,0.0,1.0,-1.0,-1.0,1.0,0.0,-2.0,1.0,-1.0,3.0,2.0,2.0,2.0,1.0,0.0,2.0,,2.0,
215,Female,25-29,Other,Applied Linguistics,(Swiss-)German,Yes,3,1,1,0,0,0,1,0,0,0,0,0,0,,1.0,2.0,0.0,0.0,1.0,1.0,2.0,1.0,0.0,-2.0,2.0,-1.0,1.0,2.0,-1.0,0.0,-1.0,-1.0,2.0,1.0,0.0,1.0,-1.0,1.0,1.0,1.0,2.0,1.0,0.0,0.0,,1.0,
217,Female,25-29,Communication and Media Studies,,(Swiss-)German,Yes,3,1,1,0,0,0,1,0,0,0,0,0,0,,2.0,2.0,1.0,0.0,1.0,2.0,2.0,2.0,1.0,0.0,2.0,2.0,1.0,1.0,0.0,1.0,-1.0,-1.0,1.0,1.0,0.0,0.0,-1.0,1.0,1.0,1.0,3.0,1.0,1.0,1.0,,1.0,
218,Female,over 35 years,Business and Economics,,(Swiss-)German,Yes,3,1,2,0,4,0,2,0,0,0,0,0,3,,2.0,2.0,1.0,1.0,2.0,2.0,2.0,2.0,0.0,-1.0,1.0,1.0,1.0,1.0,1.0,-1.0,-1.0,-1.0,,,,,,,,,,,,,,,
219,Male,25-29,Business and Economics,,(Swiss-)German,Yes,1,1,0,0,0,0,0,0,1,0,0,0,0,,1.0,1.0,-1.0,-1.0,1.0,0.0,1.0,1.0,0.0,-1.0,-1.0,0.0,1.0,1.0,-1.0,0.0,-1.0,1.0,-1.0,-1.0,-1.0,1.0,-1.0,2.0,1.0,1.0,1.0,2.0,0.0,1.0,,3.0,
220,Female,over 35 years,Social Sciences,,(Swiss-)German,Yes,1,3,3,1,0,0,0,0,0,0,0,0,0,,1.0,1.0,0.0,0.0,2.0,2.0,1.0,1.0,0.0,1.0,1.0,1.0,1.0,2.0,2.0,2.0,1.0,0.0,1.0,1.0,0.0,0.0,0.0,2.0,2.0,1.0,2.0,1.0,2.0,2.0,,2.0,
221,Male,25-29,"Science, Technology, Engineering and Mathematics",,(Swiss-)German,Yes,4,1,3,0,0,0,1,0,1,0,0,0,0,,2.0,2.0,2.0,2.0,2.0,2.0,2.0,2.0,1.0,0.0,2.0,2.0,2.0,2.0,1.0,1.0,1.0,0.0,1.0,0.0,0.0,0.0,0.0,3.0,3.0,2.0,2.0,2.0,2.0,2.0,,2.0,
222,Female,25-29,Communication and Media Studies,,(Swiss-)German,Yes,2,0,0,0,0,0,0,0,0,0,0,0,0,,2.0,2.0,0.0,0.0,-1.0,1.0,2.0,2.0,1.0,0.0,2.0,-1.0,-1.0,1.0,-1.0,-2.0,-2.0,-2.0,1.0,1.0,1.0,0.0,-2.0,3.0,1.0,1.0,4.0,3.0,0.0,4.0,,0.0,
223,Male,over 35 years,Business and Economics,,(Swiss-)German,Yes,3,0,0,0,0,0,0,0,2,0,0,0,0,,2.0,2.0,1.0,1.0,0.0,0.0,2.0,-1.0,-1.0,-2.0,0.0,0.0,1.0,1.0,1.0,1.0,-1.0,0.0,1.0,1.0,1.0,0.0,-2.0,3.0,3.0,1.0,2.0,2.0,1.0,2.0,,1.0,
225,Female,30-34,Life Sciences and Medicine,,(Swiss-)German,Yes,2,1,1,0,0,0,2,0,0,0,0,0,0,,2.0,2.0,1.0,2.0,2.0,2.0,2.0,2.0,2.0,0.0,0.0,0.0,0.0,0.0,0.0,0.0,0.0,0.0,1.0,1.0,-1.0,-1.0,-2.0,3.0,2.0,2.0,1.0,2.0,1.0,1.0,,2.0,
226,Female,25-29,Social Sciences,,(Swiss-)German,Yes,2,1,1,0,0,0,1,0,0,0,0,0,0,,2.0,2.0,1.0,1.0,1.0,2.0,2.0,2.0,2.0,1.0,1.0,0.0,1.0,1.0,1.0,0.0,0.0,0.0,-1.0,0.0,-2.0,0.0,-1.0,2.0,1.0,1.0,2.0,2.0,1.0,2.0,access problems after updates of the tool  (new teams),3.0,"One important thing which I think we all have to learn is not especially ""what"" we can do with those tools, but ""how"" we can use them as a Team. There are so many trainings how everyone should collaborate but there are only a few trainings for the new way of working. How can we strengthen the team spirit via digital tools?"
228,Female,25-29,"Science, Technology, Engineering and Mathematics",,(Swiss-)German,Yes,4,1,0,0,0,0,0,0,0,0,0,0,0,,1.0,1.0,0.0,0.0,-1.0,1.0,2.0,2.0,0.0,-2.0,2.0,-2.0,2.0,2.0,2.0,0.0,-2.0,0.0,1.0,1.0,0.0,-1.0,-2.0,2.0,3.0,1.0,3.0,1.0,1.0,1.0,,3.0,
229,Male,25-29,Life Sciences and Medicine,,(Swiss-)German,Yes,3,2,4,0,0,0,1,0,1,1,0,0,0,,1.0,1.0,0.0,-2.0,1.0,0.0,2.0,2.0,0.0,0.0,2.0,-2.0,2.0,1.0,0.0,1.0,-2.0,-1.0,0.0,1.0,0.0,1.0,1.0,1.0,2.0,2.0,3.0,2.0,0.0,1.0,,2.0,
231,Female,20-24,Business and Economics,,(Swiss-)German,Yes,4,0,4,0,0,0,0,0,0,0,0,0,2,,1.0,0.0,1.0,0.0,1.0,1.0,1.0,1.0,0.0,0.0,1.0,0.0,-1.0,1.0,1.0,1.0,-2.0,-1.0,1.0,0.0,0.0,1.0,1.0,1.0,0.0,1.0,1.0,1.0,1.0,0.0,,3.0,
232,Male,25-29,Business and Economics,,(Swiss-)German,Yes,4,0,1,0,0,0,0,0,1,0,0,1,0,,1.0,1.0,2.0,1.0,0.0,1.0,2.0,1.0,-1.0,-1.0,1.0,-1.0,1.0,2.0,1.0,1.0,0.0,0.0,1.0,2.0,0.0,1.0,-1.0,1.0,0.0,1.0,2.0,2.0,1.0,1.0,,1.0,
234,Male,30-34,"Science, Technology, Engineering and Mathematics",,(Swiss-)German,Yes,4,0,0,0,0,0,1,0,0,0,0,0,0,,2.0,2.0,0.0,0.0,-2.0,0.0,0.0,2.0,0.0,0.0,0.0,0.0,2.0,0.0,2.0,0.0,0.0,2.0,0.0,0.0,0.0,0.0,0.0,0.0,0.0,2.0,0.0,2.0,0.0,0.0,,4.0,
235,Female,over 35 years,Life Sciences and Medicine,,(Swiss-)German,Yes,3,3,1,0,0,0,2,0,0,0,0,0,0,,2.0,2.0,0.0,-1.0,1.0,1.0,1.0,2.0,0.0,-1.0,2.0,-1.0,0.0,2.0,2.0,0.0,-1.0,-1.0,1.0,1.0,-1.0,0.0,-1.0,2.0,1.0,1.0,3.0,2.0,1.0,3.0,,1.0,
236,Male,25-29,"Science, Technology, Engineering and Mathematics",,(Swiss-)German,Yes,4,0,0,0,0,0,0,0,1,0,0,0,1,,2.0,1.0,0.0,0.0,2.0,1.0,1.0,2.0,-1.0,-2.0,1.0,-1.0,0.0,-1.0,0.0,1.0,-1.0,-1.0,-2.0,0.0,-2.0,-2.0,-2.0,1.0,3.0,3.0,2.0,1.0,0.0,1.0,,0.0,
237,Male,20-24,"Science, Technology, Engineering and Mathematics",,(Swiss-)German,Yes,2,1,0,0,0,4,1,0,1,0,0,0,0,,2.0,2.0,1.0,1.0,1.0,2.0,2.0,2.0,0.0,0.0,1.0,0.0,1.0,1.0,0.0,-2.0,1.0,1.0,1.0,-1.0,0.0,0.0,0.0,2.0,3.0,2.0,2.0,2.0,4.0,2.0,"Dozenten der alten Schule verweigern oft das arbeiten mit einem digitalen Tool, oder jeder benutzt ein anderes Tool. Dadurch muss man überall die benötigten Resourcen einer Woche zusammen sammeln. ",3.0,"Wenn nur ein gutes Tool benutzt werden würde, von jedem, dann wäre es noch weniger mühsam. "
238,Female,25-29,Other,Linguistics,(Swiss-)German,Yes,3,1,0,0,0,0,1,0,0,0,0,0,0,,2.0,2.0,0.0,1.0,2.0,2.0,2.0,2.0,2.0,1.0,2.0,0.0,2.0,2.0,2.0,2.0,0.0,0.0,2.0,1.0,1.0,1.0,0.0,2.0,3.0,2.0,1.0,1.0,1.0,1.0,,3.0,
239,Male,over 35 years,Other,Public Health ,(Swiss-)German,Yes,2,1,0,0,0,0,1,0,0,0,0,0,3,,2.0,2.0,2.0,2.0,2.0,2.0,2.0,2.0,2.0,0.0,2.0,2.0,1.0,1.0,0.0,-1.0,-1.0,-1.0,,,,,,,,,,,,,,,
240,Male,over 35 years,Communication and Media Studies,,English,Yes,3,3,3,0,0,0,0,0,0,0,0,0,0,,2.0,2.0,1.0,0.0,2.0,2.0,2.0,2.0,2.0,2.0,2.0,0.0,0.0,2.0,1.0,1.0,0.0,-1.0,1.0,1.0,1.0,1.0,1.0,2.0,2.0,1.0,1.0,1.0,1.0,0.0,,2.0,
242,Male,20-24,Life Sciences and Medicine,,(Swiss-)German,Yes,4,1,0,0,0,0,1,1,0,0,0,0,0,,0.0,0.0,0.0,0.0,2.0,0.0,0.0,2.0,0.0,0.0,2.0,0.0,1.0,1.0,-1.0,0.0,2.0,1.0,0.0,1.0,0.0,0.0,0.0,4.0,4.0,2.0,4.0,4.0,0.0,1.0,,2.0,
243,Female,25-29,"Science, Technology, Engineering and Mathematics",,(Swiss-)German,Yes,3,0,1,0,0,0,0,0,1,0,0,0,0,,0.0,1.0,1.0,-1.0,2.0,0.0,2.0,0.0,0.0,-2.0,-1.0,1.0,2.0,2.0,0.0,-2.0,-2.0,-2.0,1.0,1.0,1.0,1.0,1.0,4.0,1.0,1.0,0.0,0.0,0.0,0.0,,3.0,
244,Female,25-29,"Science, Technology, Engineering and Mathematics",,(Swiss-)German,Yes,3,0,0,0,0,0,0,0,4,0,0,1,3,,2.0,2.0,1.0,0.0,2.0,1.0,2.0,-1.0,1.0,-1.0,1.0,1.0,2.0,2.0,2.0,1.0,-2.0,1.0,1.0,1.0,1.0,0.0,-1.0,2.0,0.0,2.0,4.0,1.0,1.0,0.0,,2.0,
245,Female,25-29,Other,Facility Management,(Swiss-)German,Yes,3,3,0,0,0,0,2,0,0,0,0,0,0,,1.0,2.0,2.0,1.0,2.0,2.0,1.0,2.0,0.0,-1.0,1.0,0.0,1.0,1.0,-1.0,1.0,1.0,-1.0,1.0,1.0,0.0,0.0,0.0,1.0,1.0,2.0,2.0,2.0,1.0,1.0,,2.0,
246,Male,20-24,Other,Business IT,(Swiss-)German,Yes,3,0,0,0,0,1,1,0,4,0,0,0,0,,-1.0,-1.0,0.0,0.0,0.0,-1.0,-1.0,-1.0,-1.0,1.0,0.0,-1.0,-1.0,1.0,0.0,0.0,1.0,0.0,-1.0,0.0,1.0,0.0,-1.0,3.0,3.0,2.0,2.0,2.0,2.0,1.0,,2.0,-
247,Female,20-24,Other,Health,(Swiss-)German,Yes,2,1,1,0,0,0,1,0,0,0,0,0,0,,,,,,,,,,,,,,,,,,,,,,,,,,,,,,,,,,
249,Male,25-29,Business and Economics,,English,Yes,3,1,1,0,0,0,0,0,1,0,0,0,0,,1.0,1.0,1.0,1.0,0.0,1.0,2.0,1.0,-1.0,-1.0,1.0,1.0,1.0,2.0,1.0,1.0,-1.0,0.0,1.0,0.0,1.0,1.0,-1.0,1.0,1.0,0.0,0.0,1.0,3.0,2.0,,2.0,
250,Male,20-24,Business and Economics,,(Swiss-)German,Yes,2,0,0,0,0,0,0,0,2,0,0,0,2,,2.0,1.0,0.0,-1.0,1.0,0.0,2.0,2.0,-1.0,-1.0,0.0,1.0,2.0,2.0,1.0,1.0,1.0,-1.0,0.0,0.0,0.0,0.0,-1.0,1.0,2.0,1.0,2.0,0.0,0.0,1.0,Students not using tools that the school provides - e.g. teams and onedrive,1.0,
251,Female,25-29,Business and Economics,,(Swiss-)German,Yes,3,0,0,0,0,0,0,0,0,0,0,0,3,,,,,,,,,,,,,,,,,,,,,,,,,,,,,,,,,,
252,Female,20-24,Life Sciences and Medicine,,(Swiss-)German,Yes,2,1,1,1,0,0,1,0,1,0,0,0,0,,2.0,2.0,2.0,0.0,2.0,2.0,0.0,2.0,1.0,0.0,2.0,0.0,0.0,0.0,-1.0,-1.0,-1.0,-1.0,0.0,1.0,1.0,1.0,-1.0,1.0,1.0,2.0,2.0,0.0,0.0,0.0,,2.0,
254,Female,20-24,"Science, Technology, Engineering and Mathematics",,(Swiss-)German,Yes,3,0,0,0,0,0,0,0,3,0,0,0,0,,2.0,1.0,0.0,0.0,0.0,2.0,0.0,0.0,0.0,0.0,1.0,1.0,1.0,1.0,1.0,0.0,0.0,-1.0,0.0,0.0,-1.0,0.0,-1.0,1.0,1.0,0.0,0.0,0.0,1.0,1.0,,2.0,
255,Male,20-24,"Science, Technology, Engineering and Mathematics",,(Swiss-)German,Yes,2,0,0,0,0,0,0,0,3,0,0,4,0,,2.0,1.0,0.0,1.0,2.0,-1.0,2.0,1.0,-1.0,0.0,0.0,0.0,1.0,1.0,1.0,2.0,0.0,-1.0,1.0,0.0,-1.0,0.0,0.0,1.0,3.0,2.0,2.0,1.0,1.0,3.0,,2.0,
256,Male,25-29,"Science, Technology, Engineering and Mathematics",,(Swiss-)German,Yes,4,0,0,0,0,0,1,0,1,0,0,1,0,,,,,,,,,,,,,,,,,,,,,,,,,,,,,,,,,,
257,Female,25-29,Life Sciences and Medicine,,(Swiss-)German,Yes,3,2,3,0,0,0,1,0,0,0,0,0,0,,1.0,2.0,0.0,-1.0,0.0,-1.0,1.0,1.0,-1.0,-1.0,1.0,-1.0,1.0,1.0,1.0,1.0,-1.0,-1.0,1.0,1.0,-1.0,0.0,-1.0,2.0,0.0,0.0,2.0,1.0,0.0,1.0,,2.0,
258,Female,20-24,Life Sciences and Medicine,,(Swiss-)German,Yes,2,1,0,0,0,0,0,0,0,0,0,0,0,,2.0,1.0,1.0,1.0,0.0,1.0,2.0,2.0,0.0,0.0,2.0,1.0,1.0,1.0,-1.0,-1.0,-2.0,-2.0,-1.0,-1.0,1.0,0.0,-2.0,3.0,1.0,2.0,2.0,2.0,3.0,1.0,,0.0,
259,Female,25-29,Business and Economics,,(Swiss-)German,Yes,1,0,1,0,0,0,1,0,1,0,0,0,3,,1.0,2.0,1.0,1.0,2.0,2.0,1.0,1.0,-1.0,-1.0,2.0,-1.0,,,,,,,,,,,,,,,,,,,,,
260,Female,20-24,Life Sciences and Medicine,,(Swiss-)German,Yes,3,1,2,0,0,0,0,0,0,0,0,0,0,,2.0,1.0,1.0,-2.0,2.0,1.0,2.0,1.0,-1.0,-2.0,2.0,-1.0,1.0,1.0,-1.0,-1.0,-1.0,0.0,-1.0,-1.0,-1.0,-1.0,-1.0,3.0,2.0,2.0,2.0,2.0,4.0,2.0,,2.0,
261,Female,over 35 years,Business and Economics,,(Swiss-)German,Yes,4,1,0,0,0,0,1,0,0,0,0,0,0,,2.0,2.0,2.0,0.0,1.0,1.0,2.0,2.0,-1.0,-1.0,1.0,1.0,1.0,1.0,0.0,1.0,-2.0,1.0,1.0,1.0,-1.0,-2.0,-2.0,2.0,3.0,2.0,4.0,1.0,2.0,4.0,,2.0,
262,Female,25-29,Communication and Media Studies,,English,Yes,3,3,0,0,0,0,3,0,0,0,0,0,3,,2.0,2.0,0.0,0.0,1.0,0.0,1.0,2.0,-1.0,-2.0,1.0,1.0,1.0,1.0,1.0,0.0,-2.0,-1.0,1.0,1.0,-2.0,0.0,-2.0,3.0,2.0,1.0,3.0,2.0,1.0,3.0,In person collaboration is still more productive and motivating - online tools are mainly helpful as people can work on the same documents/presentations,2.0,Helpful for collaborations and working on the same project but online meetings are exhausting. I often face technical issues especially working with microsoft on apple devices! Zoom was definitely the better option than teams is. Good luck with your thesis!
263,Male,30-34,Business and Economics,,(Swiss-)German,Yes,1,1,0,0,0,0,0,0,0,0,0,0,0,,2.0,2.0,2.0,2.0,2.0,0.0,1.0,2.0,2.0,0.0,2.0,0.0,1.0,1.0,0.0,0.0,0.0,-1.0,1.0,0.0,-2.0,0.0,-2.0,2.0,3.0,3.0,3.0,2.0,1.0,3.0,,3.0,
264,Other,20-24,Social Sciences,,(Swiss-)German,Yes,2,1,3,3,0,3,1,0,0,0,0,1,0,,2.0,1.0,0.0,-1.0,1.0,2.0,2.0,1.0,0.0,-1.0,1.0,1.0,1.0,2.0,1.0,1.0,-1.0,-1.0,1.0,1.0,-1.0,1.0,-1.0,1.0,2.0,1.0,4.0,1.0,1.0,2.0,,1.0,
265,Male,20-24,Business and Economics,,Italian,Yes,4,2,1,0,0,4,2,1,1,1,0,0,0,,2.0,2.0,2.0,0.0,2.0,2.0,2.0,1.0,0.0,-1.0,-1.0,-1.0,2.0,2.0,2.0,2.0,2.0,2.0,0.0,-1.0,-1.0,-1.0,-1.0,2.0,3.0,3.0,3.0,3.0,1.0,1.0,,4.0,
266,Female,over 35 years,Social Sciences,,(Swiss-)German,Yes,1,1,0,0,0,0,1,0,0,0,0,0,0,,2.0,2.0,1.0,0.0,-2.0,1.0,2.0,2.0,-1.0,1.0,2.0,0.0,1.0,1.0,2.0,1.0,0.0,1.0,1.0,0.0,0.0,0.0,-1.0,0.0,2.0,0.0,2.0,3.0,0.0,2.0,,3.0,
267,Male,30-34,Life Sciences and Medicine,,English,Yes,4,2,2,3,0,0,0,0,0,0,0,0,0,,2.0,1.0,0.0,0.0,0.0,1.0,1.0,1.0,1.0,0.0,1.0,0.0,2.0,1.0,1.0,0.0,0.0,-1.0,0.0,0.0,1.0,0.0,0.0,2.0,2.0,2.0,1.0,1.0,1.0,1.0,,2.0,
268,Male,20-24,"Science, Technology, Engineering and Mathematics",,(Swiss-)German,Yes,4,1,1,0,0,0,0,0,4,0,0,0,0,,2.0,1.0,2.0,-1.0,0.0,2.0,2.0,0.0,-1.0,-1.0,-1.0,1.0,2.0,1.0,1.0,1.0,-1.0,1.0,1.0,1.0,0.0,0.0,0.0,3.0,2.0,1.0,2.0,3.0,1.0,0.0,,2.0,
269,Female,20-24,Communication and Media Studies,,(Swiss-)German,Yes,3,2,0,0,0,0,1,0,0,0,0,0,0,,2.0,2.0,0.0,-1.0,1.0,1.0,2.0,2.0,1.0,1.0,2.0,-2.0,2.0,2.0,2.0,-1.0,1.0,0.0,1.0,-1.0,-1.0,-2.0,-2.0,2.0,2.0,1.0,3.0,1.0,0.0,2.0,,2.0,
270,Male,30-34,"Science, Technology, Engineering and Mathematics",,(Swiss-)German,Yes,3,0,1,0,0,0,0,0,4,0,0,0,2,,1.0,1.0,-1.0,0.0,2.0,1.0,2.0,1.0,0.0,0.0,-1.0,1.0,2.0,2.0,0.0,-1.0,-1.0,-1.0,1.0,0.0,1.0,0.0,-1.0,2.0,1.0,1.0,2.0,0.0,1.0,0.0,,2.0,
273,Male,25-29,"Science, Technology, Engineering and Mathematics",,(Swiss-)German,Yes,1,1,0,0,0,0,3,0,0,0,0,0,0,,1.0,1.0,0.0,1.0,-1.0,1.0,1.0,1.0,0.0,1.0,-1.0,1.0,1.0,1.0,1.0,1.0,1.0,0.0,1.0,1.0,1.0,0.0,-1.0,1.0,2.0,1.0,1.0,1.0,1.0,2.0,no,3.0,
274,Male,20-24,"Science, Technology, Engineering and Mathematics",,(Swiss-)German,Yes,2,0,0,0,0,1,0,0,2,0,0,0,0,,1.0,2.0,1.0,1.0,0.0,1.0,2.0,2.0,1.0,0.0,0.0,1.0,1.0,1.0,1.0,1.0,1.0,-1.0,1.0,1.0,1.0,1.0,1.0,1.0,2.0,2.0,1.0,2.0,1.0,0.0,,3.0,
275,Female,under 20 years,"Science, Technology, Engineering and Mathematics",,(Swiss-)German,Yes,2,0,1,0,1,0,0,0,3,0,0,2,0,,1.0,2.0,1.0,0.0,2.0,1.0,2.0,2.0,0.0,0.0,2.0,0.0,,,,,,,,,,,,,,,,,,,,,
276,Male,25-29,"Science, Technology, Engineering and Mathematics",,English,Yes,3,1,1,0,0,0,2,1,1,0,0,0,1,,2.0,2.0,-1.0,0.0,1.0,-1.0,1.0,0.0,-2.0,-1.0,2.0,-2.0,2.0,2.0,1.0,-1.0,1.0,1.0,1.0,1.0,-2.0,2.0,-2.0,2.0,2.0,0.0,1.0,2.0,0.0,2.0,,2.0,
277,Male,25-29,"Science, Technology, Engineering and Mathematics",,English,Yes,0,1,3,3,0,3,0,0,1,0,0,0,0,,1.0,1.0,0.0,-2.0,1.0,2.0,2.0,2.0,0.0,-1.0,0.0,2.0,2.0,2.0,2.0,2.0,2.0,2.0,1.0,1.0,1.0,0.0,-1.0,1.0,1.0,2.0,1.0,0.0,4.0,1.0,,3.0,
278,Female,20-24,Communication and Media Studies,,(Swiss-)German,Yes,3,1,3,0,0,0,1,0,0,0,0,0,4,,2.0,2.0,1.0,1.0,2.0,1.0,1.0,2.0,0.0,0.0,1.0,1.0,,,,,,,,,,,,,,,,,,,,,
279,Female,20-24,Law,,(Swiss-)German,Yes,2,1,0,0,0,0,0,0,0,0,0,0,0,,1.0,1.0,1.0,0.0,2.0,2.0,2.0,2.0,0.0,-1.0,1.0,1.0,2.0,2.0,0.0,1.0,1.0,0.0,1.0,0.0,0.0,0.0,0.0,4.0,2.0,0.0,1.0,1.0,1.0,2.0,,3.0,
280,Female,30-34,"Science, Technology, Engineering and Mathematics",,English,Yes,0,2,0,0,0,0,0,0,0,0,0,0,0,,2.0,2.0,2.0,0.0,-2.0,2.0,2.0,2.0,2.0,2.0,2.0,0.0,1.0,1.0,1.0,2.0,0.0,1.0,1.0,1.0,1.0,-2.0,-2.0,4.0,2.0,1.0,3.0,1.0,1.0,2.0,,3.0,
281,Female,20-24,Business and Economics,,(Swiss-)German,Yes,4,2,0,0,0,0,0,0,0,0,0,0,1,,1.0,1.0,2.0,1.0,0.0,0.0,2.0,1.0,0.0,-1.0,2.0,0.0,1.0,1.0,1.0,0.0,0.0,-1.0,1.0,1.0,0.0,0.0,-1.0,2.0,1.0,0.0,3.0,1.0,1.0,2.0,,2.0,
282,Male,20-24,Communication and Media Studies,,(Swiss-)German,Yes,2,1,0,0,0,0,0,0,0,0,0,0,0,,2.0,1.0,0.0,0.0,0.0,0.0,2.0,2.0,1.0,0.0,1.0,-1.0,-1.0,1.0,1.0,-1.0,-2.0,-2.0,1.0,0.0,0.0,0.0,-2.0,3.0,2.0,3.0,2.0,3.0,1.0,1.0,,1.0,
284,Male,25-29,"Science, Technology, Engineering and Mathematics",,(Swiss-)German,Yes,3,0,1,0,0,0,1,0,4,0,0,2,0,,2.0,1.0,1.0,0.0,0.0,2.0,1.0,1.0,0.0,-1.0,-1.0,1.0,,,,,,,,,,,,,,,,,,,,,
285,Male,20-24,Life Sciences and Medicine,,French,Yes,0,1,1,0,0,0,0,0,0,0,0,0,0,,0.0,1.0,1.0,1.0,0.0,0.0,0.0,1.0,1.0,-1.0,1.0,0.0,1.0,1.0,1.0,1.0,1.0,-1.0,1.0,1.0,1.0,1.0,1.0,1.0,1.0,2.0,1.0,2.0,2.0,2.0,,2.0,
286,Male,20-24,Law,,(Swiss-)German,Yes,2,1,1,0,0,0,0,0,0,0,0,0,0,,1.0,1.0,1.0,0.0,0.0,0.0,1.0,1.0,1.0,0.0,1.0,-1.0,1.0,1.0,0.0,0.0,0.0,0.0,1.0,1.0,0.0,0.0,0.0,2.0,2.0,1.0,3.0,2.0,1.0,1.0,,2.0,
288,Female,25-29,"Science, Technology, Engineering and Mathematics",,English,Yes,1,2,1,4,0,0,1,0,2,0,0,0,0,,2.0,2.0,0.0,0.0,1.0,2.0,2.0,2.0,-1.0,1.0,1.0,-2.0,1.0,1.0,1.0,1.0,0.0,0.0,0.0,-1.0,-1.0,0.0,-1.0,2.0,2.0,1.0,2.0,2.0,1.0,1.0,,2.0,
289,Female,25-29,Social Sciences,,(Swiss-)German,Yes,0,1,1,0,0,0,1,0,0,0,0,0,0,,2.0,2.0,0.0,0.0,1.0,1.0,2.0,1.0,0.0,-1.0,1.0,1.0,1.0,2.0,0.0,1.0,-1.0,-1.0,1.0,0.0,0.0,0.0,-1.0,1.0,3.0,1.0,3.0,0.0,2.0,3.0,,1.0,
290,Male,25-29,"Science, Technology, Engineering and Mathematics",,English,Yes,0,3,3,3,0,0,0,0,1,0,0,0,0,,2.0,2.0,2.0,-1.0,2.0,0.0,2.0,1.0,0.0,0.0,2.0,0.0,1.0,1.0,0.0,-1.0,-2.0,-2.0,1.0,0.0,1.0,1.0,-2.0,1.0,1.0,0.0,2.0,2.0,1.0,1.0,,1.0,
291,Male,30-34,Life Sciences and Medicine,,(Swiss-)German,Yes,3,4,4,0,0,0,0,0,1,0,0,0,0,,2.0,0.0,0.0,-2.0,2.0,0.0,2.0,0.0,0.0,1.0,0.0,-2.0,0.0,0.0,0.0,0.0,-1.0,-2.0,2.0,1.0,0.0,0.0,-2.0,3.0,2.0,1.0,2.0,2.0,1.0,0.0,,1.0,
292,Female,20-24,"Science, Technology, Engineering and Mathematics",,English,Yes,4,1,1,4,4,0,0,0,0,2,0,0,0,,2.0,1.0,0.0,0.0,1.0,1.0,2.0,2.0,0.0,-1.0,1.0,0.0,0.0,2.0,1.0,1.0,-2.0,0.0,1.0,0.0,-1.0,0.0,0.0,,,,,,,,,,
293,Female,20-24,Social Sciences,,(Swiss-)German,Yes,1,1,0,0,0,0,0,0,0,0,0,0,0,,1.0,2.0,1.0,-1.0,1.0,0.0,1.0,2.0,-1.0,-1.0,1.0,-1.0,1.0,1.0,1.0,0.0,-1.0,-2.0,1.0,1.0,0.0,2.0,0.0,2.0,2.0,1.0,0.0,0.0,1.0,2.0,,1.0,
294,Male,over 35 years,"Science, Technology, Engineering and Mathematics",,English,Yes,4,2,2,1,0,0,2,1,0,0,0,0,0,,1.0,1.0,0.0,-2.0,2.0,0.0,1.0,1.0,0.0,-1.0,1.0,1.0,2.0,1.0,-2.0,-1.0,-2.0,-2.0,2.0,0.0,-1.0,0.0,-2.0,4.0,4.0,2.0,2.0,0.0,0.0,1.0,,3.0,
295,Female,20-24,Communication and Media Studies,,(Swiss-)German,Yes,3,2,3,0,0,0,2,0,0,0,0,1,0,,,,,,,,,,,,,,,,,,,,,,,,,,,,,,,,,,
296,Female,20-24,Life Sciences and Medicine,,(Swiss-)German,Yes,2,1,0,0,0,0,1,0,0,0,0,0,0,,1.0,1.0,-1.0,0.0,0.0,1.0,1.0,1.0,0.0,1.0,0.0,0.0,0.0,0.0,0.0,1.0,0.0,0.0,0.0,0.0,0.0,-1.0,0.0,2.0,2.0,2.0,2.0,1.0,1.0,2.0,,2.0,
297,Female,over 35 years,Other,,(Swiss-)German,Yes,4,2,4,0,1,0,1,0,0,0,0,0,0,,-2.0,1.0,0.0,0.0,2.0,2.0,2.0,2.0,2.0,0.0,0.0,0.0,-1.0,1.0,1.0,0.0,-1.0,0.0,1.0,1.0,1.0,0.0,-1.0,2.0,2.0,2.0,1.0,2.0,1.0,0.0,,0.0,
298,Female,20-24,Law,,(Swiss-)German,Yes,1,2,1,0,0,0,0,0,0,0,0,0,0,,2.0,2.0,1.0,0.0,2.0,2.0,2.0,2.0,1.0,-1.0,2.0,1.0,1.0,1.0,0.0,-1.0,0.0,0.0,1.0,0.0,-1.0,0.0,-1.0,1.0,3.0,2.0,3.0,2.0,1.0,2.0,,2.0,
299,Female,over 35 years,Business and Economics,,(Swiss-)German,Yes,2,0,1,0,0,0,0,0,1,0,0,0,3,,1.0,2.0,2.0,1.0,0.0,1.0,2.0,1.0,1.0,0.0,1.0,0.0,1.0,2.0,1.0,0.0,0.0,1.0,0.0,0.0,1.0,0.0,1.0,2.0,3.0,2.0,2.0,1.0,1.0,3.0,,3.0,
300,Female,25-29,Education,,(Swiss-)German,Yes,4,1,3,0,0,0,1,0,0,0,0,0,0,,1.0,1.0,0.0,0.0,1.0,1.0,2.0,2.0,0.0,0.0,1.0,-2.0,2.0,2.0,1.0,2.0,0.0,1.0,2.0,1.0,1.0,1.0,-1.0,3.0,2.0,1.0,1.0,0.0,1.0,2.0,,3.0,
301,Male,20-24,Other,Information technology,(Swiss-)German,Yes,4,1,1,0,0,2,0,0,1,0,0,0,0,,1.0,1.0,0.0,1.0,2.0,1.0,2.0,2.0,0.0,0.0,0.0,-1.0,0.0,1.0,0.0,1.0,-1.0,-1.0,1.0,1.0,1.0,1.0,0.0,1.0,1.0,1.0,2.0,2.0,1.0,1.0,,2.0,
302,Female,25-29,Business and Economics,,English,Yes,3,1,3,0,0,4,0,0,0,0,0,0,0,,1.0,2.0,1.0,-1.0,0.0,0.0,1.0,2.0,1.0,0.0,0.0,-1.0,1.0,1.0,1.0,0.0,1.0,1.0,1.0,1.0,0.0,1.0,0.0,2.0,1.0,1.0,1.0,0.0,1.0,0.0,,3.0,
303,Male,20-24,Business and Economics,,(Swiss-)German,Yes,2,3,1,1,1,2,0,0,0,0,0,0,4,,1.0,2.0,2.0,1.0,1.0,2.0,2.0,2.0,1.0,0.0,2.0,0.0,1.0,0.0,1.0,0.0,-1.0,-1.0,1.0,1.0,0.0,0.0,-1.0,2.0,2.0,3.0,3.0,2.0,1.0,1.0,,2.0,
304,Female,over 35 years,Other,Nursing,(Swiss-)German,Yes,2,2,1,0,0,0,0,0,0,0,0,0,0,,1.0,1.0,2.0,0.0,1.0,1.0,1.0,2.0,-1.0,-1.0,0.0,-2.0,2.0,2.0,1.0,1.0,2.0,2.0,2.0,-1.0,0.0,1.0,0.0,3.0,3.0,2.0,2.0,1.0,0.0,3.0,Most of the mentioned tools are tools I've never even heard of.,2.0,
305,Female,30-34,Education,,(Swiss-)German,Yes,3,1,0,0,0,0,1,0,0,0,0,0,0,,2.0,1.0,1.0,0.0,2.0,1.0,2.0,1.0,1.0,-1.0,1.0,0.0,2.0,1.0,1.0,-1.0,0.0,0.0,0.0,1.0,0.0,0.0,-1.0,2.0,2.0,2.0,2.0,2.0,1.0,2.0,,2.0,
306,Male,20-24,"Science, Technology, Engineering and Mathematics",,(Swiss-)German,Yes,4,0,0,0,0,0,0,0,3,0,0,3,0,,1.0,2.0,2.0,2.0,2.0,-1.0,2.0,2.0,2.0,1.0,2.0,-1.0,2.0,2.0,2.0,2.0,-1.0,2.0,0.0,2.0,2.0,0.0,0.0,1.0,1.0,0.0,1.0,0.0,0.0,2.0,github: Terminal Commands,3.0,
307,Female,20-24,Life Sciences and Medicine,,(Swiss-)German,Yes,3,1,0,0,0,0,0,0,0,0,0,0,0,,2.0,2.0,1.0,0.0,2.0,2.0,2.0,2.0,1.0,0.0,1.0,1.0,,,,,,,,,,,,,,,,,,,,,
308,Male,over 35 years,"Science, Technology, Engineering and Mathematics",,(Swiss-)German,Yes,2,2,0,0,0,0,1,0,0,0,0,0,0,,1.0,1.0,1.0,1.0,1.0,1.0,1.0,1.0,1.0,1.0,1.0,1.0,1.0,1.0,1.0,1.0,1.0,1.0,1.0,1.0,1.0,1.0,1.0,1.0,1.0,1.0,1.0,1.0,1.0,1.0,n,3.0,
309,Female,20-24,Law,,French,Yes,3,3,1,0,0,0,0,1,0,0,0,0,0,,2.0,2.0,2.0,1.0,2.0,1.0,2.0,0.0,-1.0,-2.0,-2.0,-2.0,2.0,2.0,2.0,2.0,2.0,2.0,1.0,0.0,-2.0,-1.0,-2.0,3.0,4.0,4.0,4.0,3.0,1.0,1.0,,3.0,
310,Male,20-24,Law,,(Swiss-)German,Yes,1,1,3,0,0,0,0,0,0,0,0,0,4,,1.0,1.0,1.0,-1.0,0.0,2.0,2.0,2.0,-1.0,-2.0,1.0,0.0,-1.0,0.0,0.0,-2.0,-2.0,1.0,1.0,0.0,-1.0,0.0,-2.0,1.0,1.0,2.0,3.0,0.0,1.0,2.0,,2.0,
312,Female,20-24,Law,,(Swiss-)German,Yes,2,2,2,0,0,0,0,0,0,0,0,0,0,,1.0,1.0,1.0,0.0,1.0,0.0,2.0,2.0,1.0,-1.0,0.0,-1.0,1.0,2.0,2.0,2.0,0.0,0.0,-1.0,-1.0,-1.0,-1.0,-1.0,3.0,2.0,1.0,1.0,2.0,1.0,3.0,,1.0,
313,Female,20-24,Communication and Media Studies,,(Swiss-)German,Yes,3,1,0,0,0,0,0,0,0,0,0,0,0,,1.0,0.0,0.0,0.0,0.0,0.0,0.0,0.0,0.0,0.0,0.0,0.0,1.0,1.0,1.0,1.0,0.0,-1.0,0.0,0.0,0.0,0.0,0.0,2.0,1.0,1.0,2.0,1.0,1.0,2.0,,2.0,
314,Male,25-29,Law,,(Swiss-)German,Yes,1,1,0,0,0,0,0,0,0,0,0,0,0,,1.0,1.0,1.0,0.0,1.0,1.0,1.0,1.0,1.0,0.0,1.0,0.0,0.0,1.0,1.0,0.0,-1.0,-1.0,0.0,0.0,0.0,0.0,0.0,2.0,2.0,1.0,2.0,1.0,1.0,2.0,,2.0,
315,Female,20-24,Law,,French,Yes,4,4,3,0,0,0,0,0,0,1,0,0,0,,2.0,2.0,0.0,0.0,0.0,0.0,0.0,0.0,0.0,0.0,0.0,0.0,2.0,2.0,2.0,2.0,2.0,2.0,1.0,1.0,-1.0,-1.0,-1.0,4.0,4.0,3.0,3.0,3.0,1.0,1.0,,3.0,
316,Female,20-24,Law,,French,Yes,4,3,0,1,0,4,0,0,0,0,0,0,0,,2.0,2.0,1.0,1.0,2.0,1.0,1.0,1.0,-1.0,-1.0,-1.0,-1.0,2.0,2.0,2.0,2.0,2.0,2.0,1.0,1.0,0.0,-1.0,-1.0,2.0,3.0,3.0,4.0,2.0,2.0,2.0,,3.0,
318,Male,20-24,Business and Economics,,(Swiss-)German,Yes,3,1,1,0,1,2,1,0,3,0,0,1,0,,2.0,1.0,1.0,0.0,1.0,0.0,1.0,2.0,1.0,0.0,1.0,1.0,1.0,1.0,1.0,1.0,-1.0,0.0,1.0,0.0,0.0,1.0,-1.0,1.0,1.0,1.0,3.0,2.0,1.0,1.0,,1.0,
319,Female,over 35 years,Arts and Humanities,,(Swiss-)German,Yes,2,1,1,0,0,0,2,0,0,0,0,0,2,,1.0,1.0,1.0,0.0,2.0,0.0,1.0,1.0,0.0,0.0,0.0,0.0,1.0,1.0,1.0,1.0,1.0,1.0,1.0,1.0,0.0,0.0,0.0,2.0,2.0,2.0,1.0,1.0,1.0,2.0,,3.0,
320,Female,20-24,Communication and Media Studies,,(Swiss-)German,Yes,3,2,2,0,0,0,1,0,0,0,0,0,0,,1.0,1.0,0.0,-1.0,1.0,0.0,1.0,2.0,0.0,-1.0,2.0,2.0,2.0,2.0,1.0,1.0,-1.0,-1.0,2.0,2.0,1.0,1.0,-1.0,1.0,2.0,2.0,3.0,2.0,0.0,1.0,,1.0,
321,Female,20-24,Business and Economics,,(Swiss-)German,Yes,2,2,1,0,0,0,2,0,0,0,0,0,0,,1.0,1.0,1.0,1.0,2.0,0.0,2.0,2.0,0.0,-1.0,-1.0,0.0,1.0,1.0,1.0,0.0,-1.0,-1.0,1.0,1.0,1.0,1.0,1.0,2.0,1.0,2.0,3.0,2.0,1.0,1.0,,2.0,
323,Female,20-24,Business and Economics,,English,Yes,1,2,1,0,0,0,0,0,0,0,0,0,0,,2.0,1.0,0.0,-1.0,0.0,0.0,1.0,1.0,0.0,-1.0,2.0,1.0,1.0,1.0,1.0,1.0,1.0,1.0,1.0,1.0,0.0,0.0,-2.0,2.0,1.0,1.0,2.0,1.0,1.0,2.0,,2.0,"I feel that these tools have helped in the sense that they offer recordings for example so I can relisten to certain parts, or follow lecture from home, which is great and makes me more motivated and also if it was not online I would probably just not go. I helps to juggle other activities such as part-time work next to the studies "
324,Male,30-34,Law,,(Swiss-)German,Yes,1,1,0,0,0,0,0,0,0,0,0,0,0,,2.0,2.0,2.0,1.0,2.0,2.0,2.0,2.0,2.0,0.0,2.0,2.0,0.0,-1.0,1.0,-1.0,-1.0,-1.0,-1.0,-2.0,-1.0,0.0,-2.0,3.0,2.0,3.0,3.0,2.0,2.0,1.0,,1.0,
325,Female,20-24,Law,,(Swiss-)German,Yes,1,1,1,0,0,0,2,0,0,0,0,0,0,,2.0,1.0,0.0,0.0,1.0,1.0,1.0,1.0,0.0,0.0,0.0,0.0,0.0,1.0,0.0,1.0,0.0,0.0,1.0,-1.0,0.0,0.0,-1.0,1.0,2.0,1.0,2.0,1.0,1.0,1.0,,1.0,
326,Female,20-24,Life Sciences and Medicine,,(Swiss-)German,Yes,4,2,0,0,0,0,1,0,0,0,0,0,0,,2.0,1.0,1.0,-1.0,2.0,2.0,2.0,2.0,1.0,0.0,2.0,-1.0,2.0,2.0,2.0,1.0,-2.0,-1.0,1.0,1.0,1.0,1.0,-2.0,3.0,1.0,1.0,4.0,1.0,1.0,1.0,,2.0,
327,Male,20-24,"Science, Technology, Engineering and Mathematics",,(Swiss-)German,Yes,3,3,0,0,0,1,0,0,4,0,0,3,0,,2.0,2.0,2.0,2.0,2.0,2.0,2.0,2.0,0.0,0.0,0.0,2.0,2.0,2.0,2.0,2.0,2.0,2.0,1.0,1.0,1.0,2.0,1.0,1.0,1.0,1.0,1.0,1.0,0.0,1.0,,3.0,
329,Female,25-29,"Science, Technology, Engineering and Mathematics",,English,Yes,2,0,0,0,0,0,0,0,0,0,0,0,0,,,,,,,,,,,,,,,,,,,,,,,,,,,,,,,,,,
330,Female,20-24,"Science, Technology, Engineering and Mathematics",,(Swiss-)German,Yes,3,0,1,0,0,3,1,0,2,0,0,0,0,,2.0,2.0,0.0,0.0,2.0,0.0,2.0,2.0,0.0,0.0,1.0,0.0,,,,,,,,,,,,,,,,,,,,,
331,Female,30-34,Business and Economics,,(Swiss-)German,Yes,3,1,0,0,0,0,0,0,0,0,0,0,0,,2.0,1.0,-1.0,-1.0,2.0,1.0,2.0,1.0,0.0,-2.0,2.0,0.0,2.0,2.0,0.0,1.0,-1.0,-1.0,0.0,1.0,0.0,0.0,-2.0,2.0,1.0,1.0,2.0,1.0,0.0,1.0,,3.0,
332,Female,over 35 years,"Science, Technology, Engineering and Mathematics",,(Swiss-)German,Yes,3,1,0,0,0,0,1,1,0,0,0,0,1,,2.0,1.0,0.0,0.0,1.0,1.0,2.0,1.0,1.0,0.0,2.0,0.0,2.0,2.0,1.0,0.0,-1.0,0.0,1.0,-1.0,-1.0,-1.0,-1.0,3.0,3.0,2.0,2.0,3.0,1.0,4.0,technical issues regarding audio on site (on campus) when students participate online in hybrid lectures occur on a daily basis and leads to unnecessary delay / waiting time; teachers are not well trained either to resolve technical issues by themselves,3.0,"I find that it is often assumend that all students are already familiar with all these digital collaboration tools, when in fact for some students it's the very first time they are using this tool. Hence it would be user-friendly to get a training or at least a heads-up that knowledge about this tool is needed."
334,Male,20-24,Other,Psychologie,(Swiss-)German,Yes,0,1,0,0,0,1,0,0,0,0,0,0,0,,1.0,2.0,2.0,-1.0,-1.0,2.0,2.0,2.0,1.0,-1.0,2.0,2.0,1.0,1.0,0.0,1.0,-1.0,0.0,-1.0,0.0,1.0,2.0,-2.0,2.0,4.0,1.0,1.0,0.0,2.0,3.0,,1.0,
335,Female,20-24,Education,,(Swiss-)German,Yes,1,1,1,0,0,0,0,0,0,0,0,0,2,,2.0,1.0,0.0,0.0,2.0,0.0,1.0,1.0,0.0,-1.0,0.0,0.0,0.0,1.0,1.0,0.0,0.0,1.0,-1.0,0.0,0.0,0.0,-1.0,3.0,2.0,1.0,1.0,1.0,0.0,1.0,,1.0,
336,Female,20-24,"Science, Technology, Engineering and Mathematics",,(Swiss-)German,Yes,3,1,0,0,0,0,0,0,3,0,0,0,0,,2.0,2.0,1.0,1.0,0.0,1.0,1.0,1.0,1.0,0.0,1.0,0.0,1.0,2.0,2.0,1.0,0.0,0.0,1.0,0.0,0.0,0.0,0.0,2.0,3.0,2.0,1.0,2.0,1.0,2.0,,3.0,
338,Male,20-24,Business and Economics,,(Swiss-)German,Yes,3,1,1,0,0,1,1,0,2,0,0,1,4,,2.0,1.0,0.0,0.0,2.0,1.0,2.0,2.0,1.0,0.0,2.0,1.0,1.0,2.0,2.0,-1.0,-2.0,-2.0,-1.0,-2.0,-2.0,0.0,-2.0,1.0,1.0,1.0,1.0,0.0,1.0,0.0,,2.0,
339,Male,over 35 years,Business and Economics,,(Swiss-)German,Yes,3,1,1,0,0,0,1,0,1,0,0,1,0,,2.0,1.0,0.0,0.0,1.0,0.0,2.0,0.0,-1.0,-2.0,-1.0,-2.0,2.0,2.0,2.0,0.0,-1.0,-1.0,1.0,1.0,1.0,0.0,0.0,2.0,2.0,1.0,2.0,1.0,1.0,1.0,,2.0,
340,Female,20-24,Law,,(Swiss-)German,Yes,1,2,1,0,0,0,0,0,0,0,0,0,0,,1.0,2.0,0.0,0.0,1.0,1.0,1.0,1.0,-1.0,-1.0,0.0,0.0,1.0,2.0,0.0,0.0,-1.0,-1.0,1.0,0.0,0.0,0.0,-2.0,1.0,1.0,1.0,2.0,3.0,1.0,2.0,,1.0,
341,Male,20-24,Life Sciences and Medicine,,French,Yes,4,3,3,2,3,3,3,3,0,4,0,0,0,,2.0,2.0,0.0,-1.0,2.0,2.0,2.0,2.0,1.0,1.0,-1.0,-1.0,2.0,2.0,2.0,2.0,2.0,2.0,1.0,1.0,-1.0,-1.0,-2.0,4.0,4.0,4.0,4.0,4.0,1.0,3.0,,4.0,
342,Male,25-29,Law,,French,Yes,4,4,4,4,3,3,2,2,0,2,0,0,0,,2.0,2.0,0.0,0.0,2.0,1.0,2.0,0.0,0.0,0.0,-1.0,-1.0,2.0,2.0,2.0,2.0,2.0,2.0,1.0,0.0,-1.0,-1.0,-1.0,4.0,4.0,4.0,4.0,4.0,1.0,1.0,,4.0,
343,Male,25-29,Business and Economics,,Italian,Yes,4,4,4,1,0,3,1,1,0,0,0,0,0,,2.0,2.0,0.0,0.0,2.0,2.0,2.0,1.0,0.0,0.0,0.0,-2.0,2.0,2.0,1.0,1.0,1.0,2.0,-1.0,-1.0,-1.0,-1.0,-2.0,3.0,3.0,3.0,3.0,3.0,3.0,3.0,,3.0,
344,Female,20-24,Life Sciences and Medicine,,(Swiss-)German,Yes,3,1,1,0,0,0,1,0,0,0,0,0,0,,1.0,1.0,1.0,0.0,0.0,2.0,2.0,2.0,1.0,0.0,1.0,0.0,1.0,2.0,1.0,1.0,0.0,-1.0,1.0,0.0,0.0,0.0,-1.0,1.0,2.0,1.0,2.0,2.0,1.0,1.0,,2.0,
346,Male,25-29,Social Sciences,,(Swiss-)German,Yes,3,2,1,0,0,0,1,0,0,0,0,0,0,,2.0,2.0,2.0,0.0,1.0,2.0,1.0,2.0,1.0,0.0,1.0,0.0,2.0,2.0,0.0,-1.0,0.0,0.0,-1.0,-1.0,0.0,-1.0,-2.0,3.0,1.0,4.0,2.0,2.0,4.0,2.0,Having easy and quick access to the right file or part of the huge amounts of informations stored,2.0,"Guidelines or standards for folderstructures and filenameing, provided by the instution to be integrated by the students could be helpful to have an easier organisation of all the necessary data"
348,Male,20-24,Law,,French,Yes,4,3,1,1,0,2,2,2,0,0,0,0,0,,2.0,2.0,0.0,0.0,2.0,2.0,2.0,2.0,1.0,-1.0,-1.0,-1.0,2.0,2.0,2.0,2.0,2.0,1.0,0.0,1.0,-2.0,-1.0,-2.0,4.0,4.0,4.0,4.0,2.0,0.0,3.0,,3.0,
349,Female,25-29,Law,,French,Yes,4,3,1,0,0,1,1,1,0,0,0,0,0,,2.0,2.0,1.0,0.0,2.0,2.0,2.0,1.0,0.0,-1.0,-1.0,-1.0,2.0,2.0,2.0,1.0,1.0,1.0,-1.0,-1.0,-1.0,-1.0,-2.0,4.0,4.0,3.0,3.0,3.0,1.0,2.0,,3.0,
350,Male,20-24,Law,,French,Yes,3,2,0,0,0,0,1,0,0,0,0,0,0,,2.0,1.0,0.0,-1.0,1.0,2.0,2.0,1.0,-1.0,-2.0,-2.0,-2.0,2.0,2.0,1.0,1.0,0.0,0.0,0.0,0.0,0.0,-1.0,-1.0,4.0,4.0,3.0,3.0,3.0,1.0,1.0,,3.0,
